name,position,team,id.4for4,id.dk.w1,id.dk.w2,id.dk.w3,id.dk.w4,id.dk.w7,id.dk.w8,id.dk.w9
Todd Gurley II,RB,LAR,gurlet2,11192254,11250469,11283249,NA,11456954,11503310,11534161
Melvin Gordon III,RB,LAC,gordom1,NA,11250349,11283138,11349285,NA,NA,11534163
Alvin Kamara,RB,NO,kamara1,11192632,11250627,11283395,11349545,11456956,11503430,11534171
Kareem Hunt,RB,KC,huntk1,11192543,11250593,11283360,11349507,NA,11503400,11534169
Julio Jones,WR,ATL,jonesj6,11193133,11250046,11282880,11348984,NA,NA,11534361
Michael Thomas,WR,NO,thomam4,11192140,11250415,11283198,11349345,11457142,11503267,11534363
Davante Adams,WR,GB,adamsd2,11192079,11250387,11283176,11349321,NA,11503246,NA
Joe Mixon,RB,CIN,mixonj1,11192700,NA,11283420,11349572,NA,11503457,NA
A.J. Green,WR,CIN,greena2,11191553,NA,11282882,11348988,NA,11502992,NA
Tyler Boyd,WR,CIN,boydt2,11192463,NA,11283340,11349485,NA,11503384,NA
Tyreek Hill,WR,KC,hillt1,11192749,11250684,11283442,11349592,NA,11503481,11534359
James White,RB,NE,whitej4,11191795,11250218,11283643,11349156,11456962,11503121,NA
Patrick Mahomes,QB,KC,mahomp1,NA,11250752,11283493,11349648,NA,11503526,11534112
Keenan Allen,WR,LAC,allenk1,11191811,11250226,11283018,11349164,NA,NA,11534365
Travis Kelce,TE,KC,kelcet1,11191538,11250040,11282875,11348977,NA,11502983,11534589
Mike Evans,WR,TB,evansm1,11191896,11250290,11283679,11349230,11457144,11503173,11534357
David Johnson,RB,ARI,johnsd12,11191754,11250195,11282995,11349131,NA,11503102,NA
Julian Edelman,WR,NE,edelmj1,11191459,11249974,11283689,11348915,11457156,11502922,NA
Brandin Cooks,WR,LAR,cooksb1,11192038,11250373,11283162,NA,11457150,11503234,11534373
Robert Woods,WR,LAR,woodsr1,11191791,11250216,11283010,NA,11457152,11503119,11534369
Aaron Rodgers,QB,GB,rodgea1,11191372,11249895,11282755,11348840,NA,11502857,NA
Cooper Kupp,WR,LAR,kuppc1,11192302,11250496,11283276,NA,11457164,11503330,11534379
Drew Brees,QB,NO,breesd1,11191364,11249885,11282748,11348830,11456912,11502850,11534116
Leonard Fournette,RB,JAX,fournl1,11192722,11250664,11283430,11349580,11456966,NA,NA
Matt Ryan,QB,ATL,ryanm1,11193095,11249901,11282760,11348844,NA,NA,11534120
Jarvis Landry,WR,CLE,landrj1,11191861,11250268,11283575,11349203,11457146,11503152,11534375
Jared Goff,QB,LAR,goffj1,11192338,11250514,11283294,NA,11456903,11503344,11534117
Marlon Mack,RB,IND,mackm1,11192926,11250756,11283497,11349652,11457002,11503530,NA
Tom Brady,QB,NE,bradyt1,11191363,11249884,11283629,11348829,11456907,11502849,NA
Josh Gordon,WR,NE,gordoj1,NA,NA,11283577,11349066,11457174,11503054,NA
Philip Rivers,QB,LAC,riverp1,11191395,11249916,11282776,11348859,NA,NA,11534124
Calvin Ridley,WR,ATL,ridlec1,11193141,11250795,11283536,11349694,NA,NA,11534385
Ryan Fitzpatrick,QB,TB,fitzpr1,11191369,11249890,11283631,11348835,11456921,11502854,11534125
Andy Dalton,QB,CIN,daltoa1,11191432,NA,11282804,11348892,NA,11502903,NA
T.Y. Hilton,WR,IND,hiltot1,11191608,11250090,11282913,11349026,11457162,11503023,NA
Adrian Peterson,RB,WAS,petera2,11191407,11249929,11282785,NA,11456996,11502883,11534177
Russell Wilson,QB,SEA,wilsor1,11191517,11250021,11282860,11348959,NA,11502965,11534118
T.J. Yeldon,RB,JAX,yeldot1,11192114,11250408,11283189,11349334,11456964,NA,NA
Mitchell Trubisky,QB,CHI,trubim1,11192353,11250527,11283305,11349443,11456913,11503355,11534119
Rob Gronkowski,TE,NE,gronkr1,11191474,11249987,11283729,11348927,11457388,11502932,NA
Nick Chubb,RB,CLE,chubbn1,11192737,11250676,11283573,11349588,11457042,11503475,11534205
Andrew Luck,QB,IND,lucka1,11191571,11250060,11282890,11349002,11456906,11503002,NA
Tarik Cohen,RB,CHI,cohent1,11192663,11250636,11283402,11349554,11456982,11503443,11534175
Marvin Jones Jr.,WR,DET,jonesm3,11191572,11250061,11283691,11349003,11457184,11503003,11534391
Baker Mayfield,QB,CLE,mayfib1,11192571,11250599,11283567,11349515,11456910,11503408,11534122
Tevin Coleman,RB,ATL,colemt1,11193107,11250479,11283263,11349406,NA,NA,11534197
Sammy Watkins,WR,KC,watkis1,11191934,11250306,11283097,11349249,NA,11503195,11534407
Larry Fitzgerald,WR,ARI,fitzgl1,11191393,11249914,11282774,11348857,NA,11502874,NA
Chris Thompson,RB,WAS,thompc1,11191680,11250152,11282966,NA,11456970,11503071,11534183
Mohamed Sanu,WR,ATL,sanum1,11193143,11250102,11282927,11349038,NA,NA,11534403
Sony Michel,RB,NE,miches1,11192741,11250680,11283655,11349590,11456978,11503477,NA
Alex Smith,QB,WAS,smitha4,11191381,11249902,11282764,NA,11456919,11502866,11534129
O.J. Howard,TE,TB,howaro1,11192380,11250536,11283733,11349452,11457406,11503356,11534599
Doug Baldwin,WR,SEA,baldwd1,11191500,11250009,11282850,11348947,NA,11502955,11534395
Kenyan Drake,RB,MIA,drakek1,11192250,11250467,11283247,11349392,11456986,NA,11534185
Kenny Golladay,WR,DET,gollak1,11192296,11250492,11283687,11349415,11457168,11503326,11534389
Ryan Tannehill,QB,MIA,tanner1,11191473,11249986,11282832,11348926,11456917,NA,11534128
Aaron Jones,RB,GB,jonesa2,11192443,11250565,11283334,11349477,NA,11503377,NA
Marquez Valdes-Scantling,WR,GB,valdem1,11192461,11250571,11283338,11349483,NA,11503382,NA
Matthew Stafford,QB,DET,staffm1,11191433,11249954,11283632,11348893,11456911,11502904,11534123
Allen Robinson II,WR,CHI,robina3,11192064,11250385,11283174,11349319,11457166,11503244,11534397
Jameis Winston,QB,TB,winstj1,11192188,11250443,11283633,11349373,11456905,11503289,11534126
Randall Cobb,WR,GB,cobbr1,11191601,11250083,11282909,11349021,NA,11503016,NA
Blake Bortles,QB,JAX,bortlb1,11191846,11250257,11283049,11349194,11456918,NA,NA
Taylor Gabriel,WR,CHI,gabrit1,11192643,11250632,11283398,11349550,11457190,11503437,11534401
Christian Kirk,WR,ARI,kirkc1,11192946,11250766,11283509,11349660,NA,11503538,NA
DeSean Jackson,WR,TB,jacksd2,11191425,11249947,11283693,11348888,11457170,11502898,11534405
Josh Rosen,QB,ARI,rosenj1,11192968,11250775,11283516,11349669,NA,11503545,NA
Tyler Lockett,WR,SEA,locket1,11191965,11250327,11283120,11349263,NA,11503207,11534399
Jalen Richard,RB,OAK,richaj1,11192226,11250451,11283231,11349381,NA,11503299,NA
Duke Johnson Jr.,RB,CLE,johnsd11,11192191,11250444,11283571,11349374,11457016,11503290,11534219
Dede Westbrook,WR,JAX,westbd1,11192952,11250770,11283511,11349664,11457186,NA,NA
Donte Moncrief,WR,JAX,moncrd1,11192019,11250358,11283145,11349298,11457218,NA,NA
Jordan Howard,RB,CHI,howarj1,11192628,11250623,11283391,11349541,11456976,11503428,11534199
Kerryon Johnson,RB,DET,johnsk2,11192991,11250787,11283645,11349680,11456998,11503562,11534179
Marcus Mariota,QB,TEN,mariom1,11192035,11250370,11283159,11349306,NA,NA,NA
Derek Carr,QB,OAK,carrd2,11191630,11250108,11282932,11349045,NA,11503040,NA
Jared Cook,TE,OAK,cookj2,11191422,11249942,11282796,11348883,NA,11502895,NA
Tre'Quan Smith,WR,NO,smitht9,11192904,11250744,11283485,11349644,11457242,11503520,11534437
Brock Osweiler,QB,MIA,osweib1,11191633,11250111,11282935,11349048,11456924,NA,11534130
Jimmy Graham,TE,GB,grahaj1,11191415,11249935,11282789,11348876,NA,11502889,NA
Dion Lewis,RB,TEN,lewisd1,11191624,11250104,11282930,11349041,NA,NA,NA
Chris Carson,RB,SEA,carsoc1,11192997,11250789,11283528,11349686,NA,11503566,11534201
Teddy Bridgewater,QB,NO,NA,11191878,11250279,11283067,11349216,11456931,11503163,11534135
Giovani Bernard,RB,CIN,bernag1,11191741,NA,11282988,11349119,NA,11503093,NA
Mark Ingram,RB,NO,ingram1,11191547,11250044,11282878,11348982,11456968,11502988,11534193
Tyrod Taylor,QB,CLE,taylot2,11191499,11250008,11283566,11348946,11456925,11502954,11534134
Danny Amendola,WR,MIA,amendd1,11191401,11249923,11282782,11348866,11457230,NA,11534411
Jacoby Brissett,QB,IND,NA,11192016,11250357,11283144,11349297,11456930,11503229,NA
Cody Kessler,QB,JAX,kesslc1,11191875,11250278,11283066,11349215,11456935,NA,NA
Keelan Cole,WR,JAX,colek1,11192682,11250646,11283410,11349560,11457194,NA,NA
Mike Glennon,QB,ARI,NA,11191588,11250074,11282900,11349014,NA,11503013,NA
Blaine Gabbert,QB,TEN,gabbeb1,11191577,11250065,11282893,11349007,NA,NA,NA
Brian Hoyer,QB,NE,NA,11191403,11249925,11283636,11348868,11456929,11502879,NA
Corey Davis,WR,TEN,davisc7,11192376,11250532,11283310,11349448,NA,NA,NA
Tyrell Williams,WR,LAC,willit4,11192097,11250399,11283184,11349327,NA,NA,11534435
Josh Allen,QB,BUF,allenj3,11192967,11250774,11283515,11349668,11456923,11503544,11534133
Sam Darnold,QB,NYJ,darnos1,11192986,11250782,11283596,11349675,11456920,11503557,11534132
LeSean McCoy,RB,BUF,mccoyl2,11191493,11250002,11282844,11348942,11456974,11502946,11534195
Jeff Driskel,QB,CIN,NA,11191883,NA,11283072,11349219,NA,11503168,NA
Matt Schaub,QB,ATL,NA,11193097,11249920,11282779,11348863,NA,NA,11534142
Geronimo Allison,WR,GB,allisg1,11192708,11250658,11283424,11349576,NA,11503463,NA
Carlos Hyde,RB,JAX,hydec1,NA,NA,NA,NA,11456992,NA,NA
Matt Cassel,QB,DET,NA,11191366,11249887,11283635,11348832,11456937,11502852,11534140
Colt McCoy,QB,WAS,NA,11191431,11249953,11282803,NA,11456938,11502902,11534143
Jordan Reed,TE,WAS,reedj4,11191672,11250146,11282960,NA,11457394,11503065,11534591
Sean Mannion,QB,LAR,NA,11191821,11250238,11283030,NA,11456939,11503131,11534145
AJ McCarron,QB,OAK,NA,11191669,11250143,11282957,11349076,NA,11503064,NA
DeShone Kizer,QB,GB,NA,11192917,11250753,11283494,11349649,NA,11503527,NA
Jack Doyle,TE,IND,doylej1,11191619,11250098,11282923,11349034,11457396,11503033,NA
Chase Daniel,QB,CHI,NA,11191424,11249944,11282798,11348885,11456928,11502897,11534147
Chad Henne,QB,KC,NA,11191404,11249926,11282784,11348869,NA,11502880,11534148
Josh Doctson,WR,WAS,doctsj1,11191881,11250280,11283070,NA,11457254,11503166,11534433
Brett Hundley,QB,SEA,NA,11191865,11250270,11283058,11349205,NA,11503154,11534151
Mike Davis,RB,SEA,davism3,11192241,11250460,11283238,11349385,NA,11503304,11534251
Geno Smith,QB,LAC,NA,11191704,11250163,11282975,11349096,NA,NA,11534150
Derek Anderson,QB,BUF,anderd2,NA,NA,NA,NA,11456940,11502853,11534146
Josh McCown,QB,NYJ,mccowj1,11191365,11249886,11283597,11348831,11456941,11502851,11534149
David Njoku,TE,CLE,njokud1,11192803,11250702,11283587,11349606,11457402,11503492,11534595
DeVante Parker,WR,MIA,parked1,11191936,11250308,11283099,11349251,11457296,NA,11534413
Jamison Crowder,WR,WAS,crowdj1,11191920,11250300,11283091,NA,11457200,11503185,11534439
Malcolm Brown,RB,LAR,brownm4,11191951,11250319,11283110,NA,11457006,11503203,11534211
Doug Martin,RB,OAK,martid2,11191478,11249991,11282833,11348931,NA,11502936,NA
Isaiah Crowell,RB,NYJ,crowei1,11192014,11250355,11283600,11349295,11457004,11503227,11534209
Kenny Stills,WR,MIA,stillk1,11191725,11250176,11282984,11349109,11457206,NA,11534423
Chase Edmonds,RB,ARI,edmonc1,11192812,11250708,11283455,11349612,NA,11503498,NA
Taysom Hill,QB,NO,hillt2,11191646,11250128,11282948,11349063,11456951,11503051,11534160
Drew Stanton,QB,CLE,NA,11191377,11249900,11283568,11348843,11456945,11502862,11534155
Antonio Callaway,WR,CLE,callaa1,11192978,11250778,11283581,11349673,11457208,11503551,11534427
Tim Boyle,QB,GB,NA,11192447,11250569,11283336,11349481,NA,11503381,NA
David Fales,QB,MIA,NA,11191699,11250160,11282972,11349093,11456949,NA,11534156
Landry Jones,QB,JAX,NA,NA,NA,NA,NA,NA,NA,NA
Spencer Ware,RB,KC,wares1,11191707,11250166,11282978,11349099,NA,11503081,11534213
Cordarrelle Patterson,WR,NE,pattec1,11192170,11250431,11283701,11349361,11457282,11503283,NA
Ryan Griffin,QB,TB,NA,11191605,11250087,11283634,11349025,11456926,11503020,11534153
Chris Godwin,WR,TB,godwic1,11192834,11250718,11283697,11349620,11457192,11503500,11534419
Austin Ekeler,RB,LAC,ekelea1,11192678,11250644,11283408,11349558,NA,NA,11534207
Nathan Peterman,QB,BUF,petern1,11192107,11250405,11283188,11349333,11456943,11503255,11534152
Matt Barkley,QB,BUF,barklm1,NA,NA,NA,NA,NA,NA,NA
John Ross,WR,CIN,rossj2,11192559,NA,11283366,11349513,NA,11503406,NA
Trey Burton,TE,CHI,burtot1,11191718,11250172,11282982,11349105,11457400,11503085,11534597
Chris Hogan,WR,NE,hoganc1,11191855,11250264,11283685,11349199,11457240,11503148,NA
Adam Humphries,WR,TB,humpha1,11191930,11250302,11283703,11349245,11457272,11503191,11534457
Maurice Harris,WR,WAS,harrim6,11192029,11250366,11283153,NA,11457374,11503232,11534487
John Kelly,RB,LAR,kellyj1,11192982,11250780,11283522,NA,11457024,11503555,11534217
David Moore,WR,SEA,moored3,11193060,11250813,11283560,11349712,NA,11503588,11534449
Chris Ivory,RB,BUF,ivoryc1,11191461,11249976,11282824,11348917,11457032,11502924,11534215
Austin Hooper,TE,ATL,hoopea1,11193187,11250554,11283326,11349468,NA,NA,11534601
Theo Riddick,RB,DET,riddit1,11191678,11250150,11283647,11349083,11457034,11503069,11534225
Anthony Miller,WR,CHI,millea1,11192591,11250604,11283372,11349520,11457280,11503414,11534451
Derrick Henry,RB,TEN,henryd1,11192378,11250534,11283312,11349450,NA,NA,NA
Paul Richardson Jr.,WR,WAS,richap1,11191838,11250249,11283043,NA,11457214,11503138,11534445
Josh Reynolds,WR,LAR,reynoj1,11192729,11250672,11283436,NA,11457270,11503471,11534417
Jordy Nelson,WR,OAK,nelsoj1,11191384,11249905,11282767,11348850,NA,11502867,NA
Mike Williams,WR,LAC,willim7,11192397,11250548,11283322,11349462,NA,NA,11534447
Robby Anderson,WR,NYJ,anderr2,11192050,11250381,11283606,11349313,11457198,11503238,11534425
C.J. Uzomah,TE,CIN,uzomac1,11191888,NA,11283077,11349224,NA,11503169,NA
Ito Smith,RB,ATL,smithi1,11193113,11250714,11283461,11349618,NA,NA,11534229
Nyheim Hines,RB,IND,hinesn1,11192989,11250785,11283524,11349678,11457008,11503560,NA
Chester Rogers,WR,IND,rogerc1,11192310,11250500,11283280,11349421,11457188,11503332,NA
Quincy Enunwa,WR,NYJ,enunwq1,11191713,11250168,11283608,11349101,11457216,11503083,11534441
Ryan Grant,WR,IND,grantr3,11191634,11250112,11282936,11349049,11457210,11503041,NA
D.J. Chark Jr.,WR,JAX,charkd1,11192718,11250662,11283428,11349578,11457274,NA,NA
Bears ,DST,CHI,NA,11191335,11249857,11282725,11348804,11457549,11502826,11534741
Tajae Sharpe,WR,TEN,sharpt1,11192316,11250502,11283282,11349423,NA,NA,NA
Kapri Bibbs,RB,WAS,bibbsk1,11191868,NA,NA,NA,11457060,11503157,11534245
Mark Walton,RB,CIN,waltom1,11192973,NA,11283517,11349670,NA,11503546,NA
Rashard Higgins,WR,CLE,higgir1,11192445,11250567,11283583,11349479,11457232,11503379,11534453
Jamaal Williams,RB,GB,willij10,11192260,11250477,11283259,11349402,NA,11503314,NA
Frank Gore,RB,MIA,goref1,11191367,11249888,11282749,11348833,11457030,NA,11534243
Equanimeous St. Brown,WR,GB,stbroe1,11193007,11250797,11283538,11349698,NA,11503570,NA
Jakeem Grant,WR,MIA,grantj1,11191971,11250329,11283122,11349265,11457268,NA,11534455
Eric Ebron,TE,IND,ebrone1,11191985,11250339,11283128,11349275,11457390,11503213,NA
Rex Burkhead,RB,NE,burkhr1,11191636,11250116,11283649,11349051,11457044,11503043,NA
Peyton Barber,RB,TB,barbep1,11192497,11250581,11283657,11349497,11457028,11503390,11534235
Rashaad Penny,RB,SEA,pennyr1,11192920,11250754,11283495,11349650,NA,11503528,11534233
Martavis Bryant,WR,OAK,bryanm2,11191928,NA,11283095,11349243,NA,11503189,NA
Chargers ,DST,LAC,NA,11191355,11249877,11282741,11348823,NA,NA,11534756
Jermaine Kearse,WR,NYJ,kearsj1,11191561,11250052,11283610,11348994,11457220,11502998,11534429
Alex Erickson,WR,CIN,ericka1,11192130,NA,11283195,11349342,NA,11503262,NA
Benjamin Watson,TE,NO,watsob1,11191397,11249918,11282777,11348861,11457412,11502877,11534609
Jordan Wilkins,RB,IND,wilkij2,11192598,11250608,11283378,11349526,11457050,11503420,NA
Kenjon Barner,RB,NE,barnek1,NA,NA,11283667,NA,11457066,11502996,NA
Taywan Taylor,WR,TEN,taylot3,11192624,11250621,11283389,11349539,NA,NA,NA
Phillip Dorsett,WR,NE,dorsep1,11191902,11250292,11283695,11349232,11457248,11503175,NA
Ronald Jones II,RB,TB,jonesr1,11192987,11250783,11283659,11349676,11457026,11503558,11534247
Elijah McGuire,RB,NYJ,mcguie1,11192403,11250552,11283602,11349466,11457088,11503370,11534291
Kelvin Benjamin,WR,BUF,benjak1,11191977,11250335,11283126,11349269,11457262,11503211,11534461
Jets ,DST,NYJ,NA,11191352,11249873,11283628,11348819,11457558,11502840,11534750
Zach Pascal,WR,IND,pascaz1,11192148,11250419,11283204,11349351,11457252,11503273,NA
Chiefs ,DST,KC,NA,11191344,11249865,11282732,11348813,NA,11502833,11534746
DeAndre Washington,RB,OAK,washid1,11191975,11250333,11283124,11349267,NA,11503209,NA
Brandon LaFell,WR,OAK,lafelb1,NA,11249951,11282801,11348890,NA,11502900,NA
Marcus Murphy,RB,BUF,murphm2,11191764,11250201,11283001,11349139,11457134,11503108,11534253
Zay Jones,WR,BUF,jonesz1,11192533,11250591,11283358,11349505,11457244,11503398,11534475
Damion Ratley,WR,CLE,ratled1,11192948,11250768,11283579,11349662,11457256,11503540,11534467
Kalen Ballage,RB,MIA,ballak1,11192694,11250652,11283416,11349568,11457052,NA,11534259
Robert Turbin,RB,IND,turbir1,11191524,11250026,11282865,11348964,11457046,11502972,NA
Benny Cunningham,RB,CHI,cunnib2,11191638,11250118,11282938,11349053,11457058,11503045,11534257
Chris Conley,WR,KC,conlec1,11191872,11250275,11283063,11349212,NA,11503161,11534491
Seth Roberts,WR,OAK,robers1,11192320,11250504,11283284,11349425,NA,11503334,NA
Bills ,DST,BUF,NA,11191333,11249855,11282723,11348802,11457555,11502825,11534752
Cameron Meredith,WR,NO,meredc1,11191849,11250260,11283052,11349195,11457238,11503144,11534473
Marvin Hall,WR,ATL,hallm2,11193155,11250362,11283149,11349302,NA,NA,11534551
Packers ,DST,GB,NA,11191341,11249862,11282729,11348810,NA,11502831,NA
LeGarrette Blount,RB,DET,blounl1,11191544,11250042,11283651,11348979,11457036,11502985,11534249
Jacquizz Rodgers,RB,TB,rodgej1,11191555,11250050,11283661,11348990,11457126,11502994,11534269
Michael Floyd,WR,WAS,floydm3,NA,NA,NA,NA,11457288,11502990,11534495
Jaron Brown,WR,SEA,brownj4,11191580,11250068,11282896,11349010,NA,11503007,11534501
Travis Benjamin,WR,LAC,benjat1,11191591,11250075,11282901,11349015,NA,NA,11534471
Trenton Cannon,RB,NYJ,cannot1,11193068,11250819,11283604,11349718,11457090,11503594,11534237
Andre Holmes,WR,BUF,holmea1,11191822,11250239,11283031,11349176,11457292,11503132,11534497
Rishard Matthews,WR,NYJ,NA,NA,NA,NA,NA,NA,NA,11534469
Chris Herndon,TE,NYJ,NA,NA,NA,11283622,11349604,11457424,11503490,11534611
Chris Herndon,TE,NYJ,NA,NA,11250700,NA,11349604,11457424,11503490,11534611
Shane Vereen,RB,NO,verees1,11191520,11250022,11282861,11348960,11457112,11502968,11534349
Zach Line,RB,NO,linez1,11191569,11250058,11282888,11349000,11457110,11503000,11534345
Dwayne Washington,RB,NO,NA,NA,NA,NA,NA,11457108,11503338,11534347
Josh Malone,WR,CIN,malonj1,11192692,NA,11283414,11349566,NA,11503453,NA
Cody Core,WR,CIN,corec1,11192256,NA,11283251,11349394,NA,11503312,NA
Austin Carr,WR,NO,carra1,11192201,11250447,11283225,11349377,11457356,11503293,11534585
Ted Ginn Jr.,WR,NO,ginnt1,11191399,11249921,11282780,11348864,11457204,NA,11534587
Devonta Freeman,RB,ATL,freemd1,11193103,11250282,11283073,11349220,NA,NA,11534315
Brian Hill,RB,ATL,NA,NA,NA,11283444,11349595,NA,NA,11534317
Ricky Ortiz,RB,ATL,ortizr1,11193125,11250473,11283255,11349398,NA,NA,11534319
Dontrell Hilliard,RB,CLE,NA,11192716,NA,NA,NA,11457064,11503467,11534279
Justin Hardy,WR,ATL,hardyj2,11193147,11250234,11283026,11349172,NA,NA,11534555
Russell Gage,WR,ATL,gager1,11193153,11250666,11283432,11349582,NA,NA,11534553
Da'Mari Scott,WR,CLE,NA,11192639,NA,NA,NA,NA,11503435,11534517
Breshad Perriman,WR,CLE,perrib1,NA,NA,NA,NA,11457300,11503264,11534519
Tra Carson,RB,GB,NA,NA,NA,NA,NA,NA,NA,NA
Senorise Perry,RB,MIA,NA,11191774,11250207,11283007,11349145,11457094,NA,11534289
Brandon Bolden,RB,MIA,NA,NA,11250081,11282907,11349019,11457096,NA,11534287
Jake Kumerow,WR,GB,NA,11191824,NA,11283033,11349178,NA,11503134,NA
J'Mon Moore,WR,GB,moorej1,11192501,11250585,11283352,11349501,NA,11503394,NA
Albert Wilson,WR,MIA,wilsoa1,11191803,11250222,11283014,11349160,11457224,NA,NA
Leonte Carroo,WR,MIA,carrol1,11192284,NA,NA,NA,NA,NA,11534525
David Williams,RB,JAX,NA,NA,NA,NA,NA,11457068,NA,NA
Tommy Bohanon,RB,JAX,bohant1,11191631,11250109,11282933,11349046,11457128,NA,NA
Corey Grant,RB,JAX,grantc1,11191805,11250224,11283016,11349162,11457136,NA,NA
Matt Hazel,WR,IND,NA,NA,NA,11283022,11349168,11457344,11503127,NA
Matt Hazel,WR,IND,NA,NA,11250230,NA,11349168,11457344,11503127,NA
Dontrelle Inman,WR,IND,inmand1,NA,NA,NA,NA,NA,11502950,NA
Steve Ishmael,WR,IND,NA,11192865,NA,NA,NA,NA,NA,NA
Rashad Greene Sr.,WR,JAX,NA,11191979,11250337,NA,11349271,NA,NA,NA
Michael Burton,RB,CHI,burtom1,11191799,11250220,11283012,11349158,11457098,11503123,11534267
Taquan Mizzell,RB,CHI,mizzet1,11192519,NA,NA,NA,NA,NA,NA
Nick Bellore,RB,DET,bellon1,11191482,11249995,11283665,11348935,11457092,11502940,11534305
Ameer Abdullah,RB,DET,abdula1,11191866,11250271,11283663,11349206,11457132,11503155,11534307
Javon Wims,WR,CHI,wimsj1,11193046,11250805,11283550,11349706,11457330,11503580,11534509
Kevin White,WR,CHI,whitek1,11192345,11250521,11283301,11349437,11457332,11503349,11534511
Josh Bellamy,WR,CHI,bellaj1,11191772,11250205,11283005,11349143,11457328,11503110,11534507
TJ Jones,WR,DET,jonest3,11191737,11250184,11283705,11349117,11457324,11503091,11534547
Brandon Powell,WR,DET,powelb2,11192690,11250650,11283707,11349564,11457326,11503451,11534545
Andy Jones,WR,DET,jonesa1,11192318,NA,NA,NA,NA,NA,NA
Darrel Williams,RB,KC,NA,11192726,11250670,11283434,11349584,NA,11503469,11534281
Damien Williams,RB,KC,willid9,11192178,11250439,11283220,11349369,NA,11503287,11534283
Anthony Sherman,RB,KC,sherma1,11191515,11250019,11282858,11348957,NA,11502963,11534285
Derrick Coleman,RB,ARI,NA,11191574,11250063,11282891,11349005,NA,11503005,NA
T.J. Logan,RB,ARI,NA,11192349,11250523,11283303,11349439,NA,11503351,NA
Marcus Kemp,WR,KC,NA,11192527,11250589,11283356,11349503,NA,11503396,11534521
Demarcus Robinson,WR,KC,robind2,11192334,11250512,11283292,11349431,NA,11503342,11534523
Trent Sherfield,WR,ARI,NA,11192857,11250728,11283471,11349628,NA,11503508,NA
J.J. Nelson,WR,ARI,nelsoj2,11191819,11250236,11283028,11349174,NA,11503129,NA
Chad Williams,WR,ARI,willic5,11192672,11250640,11283406,11349556,NA,11503447,NA
Ricky Seals-Jones,TE,ARI,sealsr1,11192499,11250583,11283350,11349499,NA,11503392,NA
David Fluellen,RB,TEN,flueld1,11191832,11250245,11283039,11349184,NA,NA,NA
Jalston Fowler,RB,TEN,NA,NA,NA,NA,NA,NA,NA,NA
James Develin,RB,NE,develj1,11191468,11249983,11283669,11348924,11457074,11502929,NA
Darius Jennings,WR,TEN,jennid1,11191987,11250341,11283130,11349277,NA,NA,NA
Michael Campanaro,WR,TEN,campam1,11191640,11250120,11282940,11349055,NA,NA,NA
Cameron Batson,WR,TEN,batsoc1,11192912,11250750,11283491,NA,NA,NA,NA
Braxton Berrios,WR,NE,berrib2,11192706,11250656,11283713,11349574,11457336,11503461,NA
Matthew Slater,WR,NE,NA,11191390,11249911,11283709,11348854,11457334,11502871,NA
Cody Hollister,WR,NE,NA,11192290,11250488,11283715,11349411,11457338,11503322,NA
Shaun Wilson,RB,TB,wilsos1,11192784,11250698,11283675,11349602,11457076,11503488,11534271
Rob Kelley,RB,WAS,keller1,11191944,11250314,11283105,NA,11457122,11503199,11534321
Samaje Perine,RB,WAS,perins1,11192702,11250654,11283422,NA,11457130,11503459,11534323
Byron Marshall,RB,WAS,marshb2,11192162,11250425,11283210,NA,11457120,11503279,11534325
Justin Watson,WR,TB,watsoj1,11192806,11250704,11283727,11349608,11457302,11503494,11534513
Jehu Chesson,WR,WAS,NA,NA,NA,11283266,NA,NA,11503316,11534559
Brian Quick,WR,WAS,quickb1,11191488,11250823,11282839,NA,11457376,11502944,11534557
Redskins ,DST,WAS,NA,11191359,11249881,11282744,NA,11457544,11502846,11534748
Justin Davis,RB,LAR,NA,11192339,11250515,11283295,NA,11457124,11503345,11534343
J.D. McKissic,RB,SEA,NA,11192048,11250379,11283168,11349311,NA,11503236,11534339
C.J. Prosise,RB,SEA,prosic1,11192298,11250494,11283274,11349417,NA,11503328,11534337
Tre Madden,RB,SEA,maddet1,11191917,11250297,11283088,11349239,NA,11503182,11534341
Nick Williams,WR,LAR,NA,NA,NA,NA,NA,NA,11503077,11534581
KhaDarel Hodge,WR,LAR,hodgek1,11192665,NA,NA,NA,11457380,11503445,11534583
JoJo Natson Jr.,WR,LAR,NA,11192223,NA,11283229,NA,11457378,11503297,11534579
Malik Turner,WR,SEA,turnem2,11192780,NA,NA,NA,NA,NA,NA
Marshawn Lynch,RB,OAK,lynchm1,11191409,11249931,11282787,11348872,NA,11502885,NA
Keith Smith,RB,OAK,smithk7,11191830,11250243,11283037,11349182,NA,11503136,NA
Justin Jackson,RB,LAC,jacksj2,11192788,NA,NA,11349722,NA,NA,11534333
Detrez Newsome,RB,LAC,newsod1,11192820,11250712,11283459,11349616,NA,NA,11534335
Derek Watt,RB,LAC,wattd1,11192006,11250351,11283140,11349287,NA,NA,11534331
Dwayne Harris,WR,OAK,harrid1,11191440,11249959,11282809,11348898,NA,11502907,NA
Marcell Ateman,WR,OAK,NA,11192515,NA,NA,NA,NA,NA,NA
Geremy Davis,WR,LAC,davisg1,11191826,11250241,11283035,11349180,NA,NA,11534575
Artavis Scott,WR,LAC,scotta1,11192768,11250692,11283449,11349598,NA,NA,11534577
Patrick DiMarco,RB,BUF,dimarp1,11191535,11250038,11282873,11348975,11457100,11502981,11534265
Ray-Ray McCloud III,WR,BUF,mcclor1,11192962,11250772,11283513,11349666,11457340,11503542,11534505
Cam Phillips,WR,BUF,phillc1,11192874,NA,NA,NA,NA,11503512,11534503
Terrelle Pryor,WR,BUF,NA,NA,NA,NA,NA,NA,NA,NA
Deontay Burnett,WR,NYJ,burned1,NA,NA,NA,NA,NA,11503572,11534481
Andre Roberts,WR,NYJ,robera1,11191446,11249963,11283616,11348904,11457290,11502913,11534479
ArDarius Stewart,WR,NYJ,stewaa1,11192634,11250629,11283618,11349547,11457322,11503432,11534527
Charone Peake,WR,NYJ,peakec1,11191932,11250304,11283614,11349247,11457320,11503193,11534529
Jaguars ,DST,JAX,NA,11191361,11249883,11282746,11348827,11457540,NA,NA
Ed Dickson,TE,SEA,dickse1,11191417,11249937,11282791,11348878,NA,11502891,11534607
Colts ,DST,IND,NA,11191343,11249864,11282731,11348812,11457543,11502832,NA
Vernon Davis,TE,WAS,davisv1,11191375,11249898,11282758,NA,11457408,11502860,11534615
Patriots ,DST,NE,NA,11191349,11249870,11283757,11348816,11457551,11502837,NA
Nick Vannett,TE,SEA,vannen1,11191998,11250345,11283134,11349281,NA,11503217,11534623
Charles Clay,TE,BUF,clayc1,11191510,11250017,11282856,11348955,11457416,11502961,11534617
Josh Hill,TE,NO,hillj4,11191612,11250094,11282917,11349028,11457428,11503027,11534643
Seth DeValve,TE,CLE,devals1,11192099,11250401,11283589,11349329,11457448,11503253,11534627
Nick O'Leary,TE,MIA,olearn1,NA,NA,NA,NA,11457426,NA,11534629
Mike Gesicki,TE,MIA,gesicm1,11192863,11250734,11283475,11349634,11457438,NA,11534631
Lions ,DST,DET,NA,11191340,11249861,11283760,11348809,11457550,11502830,11534758
Jermaine Gresham,TE,ARI,greshj1,11191451,11249968,11282818,11348909,NA,11502918,NA
Cameron Brate,TE,TB,bratec1,11191758,11250197,11283741,11349135,11457410,11503104,11534625
Gerald Everett,TE,LAR,evereg1,11192906,11250746,11283487,NA,11457420,11503522,11534641
Antonio Gates,TE,LAC,gatesa1,11191388,11249909,11282771,11348852,NA,NA,11534621
Logan Thomas,TE,BUF,thomal2,11191661,11250139,11282955,11349074,11457496,11503062,11534645
Matt Lengel,TE,CIN,NA,NA,NA,NA,NA,NA,11503056,NA
Clark Harris,TE,CIN,NA,11191378,NA,11282761,11348845,NA,11502863,NA
Tyler Kroft,TE,CIN,kroftt1,11191879,NA,11283068,11349217,NA,11503164,NA
Tyler Eifert,TE,CIN,eifert1,11191676,NA,11282964,11349081,NA,11503067,NA
Jordan Franks,TE,CIN,NA,11192902,NA,NA,NA,NA,NA,NA
Dan Arnold,TE,NO,NA,NA,11250817,11283562,11349716,11457510,11503592,11534739
Logan Paulsen,TE,ATL,paulsl1,11193195,11249945,11282799,11348886,NA,NA,11534711
Eric Saubert,TE,ATL,saubee1,11193193,11250471,11283253,11349396,NA,NA,11534713
Darren Fells,TE,CLE,fellsd2,11191405,11249927,11283591,11348870,11457452,11502881,11534667
Pharaoh Brown,TE,CLE,NA,NA,NA,NA,NA,NA,NA,11534671
Orson Charles,TE,CLE,NA,11191695,11250158,11283593,11349091,11457450,11503079,11534669
Falcons ,DST,ATL,NA,11193210,11249854,11282722,11348801,NA,NA,11534754
Robert Tonyan,TE,GB,NA,11192150,11250421,11283206,11349353,NA,11503275,NA
Marcedes Lewis,TE,GB,lewism2,11191373,11249896,11282756,11348841,NA,11502858,NA
Lance Kendricks,TE,GB,kendrl1,11191448,11249965,11282815,11348906,NA,11502915,NA
Durham Smythe,TE,MIA,smythd1,11192619,11250617,11283385,11349535,11457480,NA,11534681
A.J. Derby,TE,MIA,derbya1,11191733,11250180,11282986,11349113,11457482,NA,11534679
Erik Swoope,TE,IND,swoope1,11191748,11250189,NA,11349125,11457500,11503098,NA
Mo Alie-Cox,TE,IND,aliecm1,11192326,NA,NA,NA,11457444,11503336,NA
Ryan Hewitt,TE,IND,hewitr1,NA,11250126,11282946,11349061,11457502,11503049,NA
Austin Seferian-Jenkins,TE,JAX,sefera1,11191890,11250286,11283079,11349226,11457418,NA,NA
James O'Shaughnessy,TE,JAX,oshauj1,11191752,11250193,11282993,11349129,11457432,NA,NA
David Grinnage,TE,JAX,grinnd1,11192195,NA,NA,NA,11457446,NA,NA
Blake Bell,TE,JAX,bellb1,NA,NA,NA,NA,NA,NA,NA
Niles Paul,TE,JAX,pauln1,11191531,11250034,11282871,11348971,11457434,NA,NA
Ben Braunecker,TE,CHI,braunb1,11192152,11250423,11283208,11349355,11457490,11503277,11534651
Dion Sims,TE,CHI,simsd1,11191688,11250156,11282970,11349087,11457486,11503075,11534649
Daniel Brown,TE,CHI,brownd10,11191842,11250253,11283047,11349190,11457492,11503140,11534655
Patrick Scales,TE,CHI,NA,11191522,11250024,11282863,11348962,11457488,11502970,11534657
Adam Shaheen,TE,CHI,shahea1,11193056,NA,11283556,11349710,11457484,11503584,11534653
Michael Roberts,TE,DET,roberm1,11192615,11250613,11283745,11349531,11457478,11503424,11534697
Luke Willson,TE,DET,willsl1,11191603,11250085,11283737,11349023,11457536,11503018,11534699
Levine Toilolo,TE,DET,toilol1,11191647,11250129,11283743,11349064,11457476,11503052,11534701
Deon Yelder,TE,KC,NA,NA,NA,NA,NA,NA,NA,11534677
Demetrius Harris,TE,KC,harrid3,11191938,11250310,11283101,11349253,NA,11503197,11534673
James Winchester,TE,KC,NA,11191615,11250096,11282919,11349030,NA,11503029,11534675
John Phillips,TE,ARI,NA,NA,NA,NA,NA,NA,NA,NA
MyCole Pruitt,TE,TEN,NA,NA,11250825,11282997,11349133,NA,NA,NA
Beau Brinkley,TE,TEN,NA,11191578,11250066,11282894,11349008,NA,NA,NA
Anthony Firkser,TE,TEN,NA,11192667,11250638,11283404,NA,NA,NA,NA
Jonnu Smith,TE,TEN,smithj6,11192475,11250577,11283344,11349491,NA,NA,NA
Delanie Walker,TE,TEN,walked2,11191382,11249903,11282765,11348848,NA,NA,NA
Luke Stocker,TE,TEN,stockl1,11191457,11249972,11282822,11348913,NA,NA,NA
Dwayne Allen,TE,NE,allend1,11191582,11250070,11283747,11349012,11457442,11503009,NA
Jacob Hollister,TE,NE,hollij1,11192292,11250490,11283749,11349413,11457494,11503324,NA
Antony Auclair,TE,TB,auclaa1,11193062,11250815,11283753,11349714,11457456,11503590,11534661
Alan Cross,TE,TB,NA,11192086,11250394,11283755,11349324,11457454,11503250,11534659
Jeremy Sprinkle,TE,WAS,sprinj1,11192233,11250456,11283234,NA,11457524,11503302,11534715
Tyler Higbee,TE,LAR,higbet1,11191948,11250316,11283107,NA,11457422,11503201,11534639
Johnny Mundt,TE,LAR,NA,11192421,11250560,11283332,NA,11457526,11503374,11534737
Will Dissly,TE,SEA,disslw1,11192880,11250736,11283477,11349636,NA,11503514,11534733
Darrell Daniels,TE,SEA,NA,11192557,11250597,11283364,11349511,NA,11503404,11534731
Tyler Ott,TE,SEA,NA,11191760,11250199,11282999,11349137,NA,11503106,11534735
Derek Carrier,TE,OAK,carrid1,11192142,11250417,11283200,11349347,NA,11503269,NA
Lee Smith,TE,OAK,smithl1,11191455,11249970,11282820,11348911,NA,11502920,NA
Sean Culkin,TE,LAC,culkis1,11192164,11250427,11283212,11349357,NA,NA,11534729
Hunter Henry,TE,LAC,NA,11192493,11250579,11283348,11349495,NA,NA,11534727
Virgil Green,TE,LAC,greenv1,11191434,11249955,11282805,11348894,NA,NA,11534725
Jason Croom,TE,BUF,croomj1,11192168,11250429,11283214,11349359,11457498,11503281,11534647
Jordan Leggett,TE,NYJ,leggej1,11192393,11250544,11283620,11349458,11457534,11503364,11534683
Eric Tomlinson,TE,NYJ,tomlie1,11191778,11250209,11283624,11349147,11457474,11503112,11534687
Neal Sterling,TE,NYJ,sterln1,11191780,11250211,11283626,11349149,11457472,11503114,11534685
Rams ,DST,LAR,NA,11191346,11249867,11282734,NA,11457541,11502835,11534751
Browns ,DST,CLE,NA,11191337,11249858,11283595,11348806,11457552,11502828,11534760
Saints ,DST,NO,NA,11191350,11249871,11282737,11348817,11457556,11502838,11534757
Bengals ,DST,CIN,NA,11191336,NA,11282726,11348805,NA,11502827,NA
Dolphins ,DST,MIA,NA,11191347,11249868,11282735,11348815,11457548,NA,11534745
Titans ,DST,TEN,NA,11191342,11249863,11282730,11348811,NA,NA,NA
Cardinals ,DST,ARI,NA,11191353,11249875,11282740,11348821,NA,11502841,NA
Buccaneers ,DST,TB,NA,11191358,11249880,11283759,11348826,11457554,11502845,11534759
Seahawks ,DST,SEA,NA,11191357,11249879,11282743,11348825,NA,11502844,11534749
Raiders ,DST,OAK,NA,11191345,11249866,11282733,11348814,NA,11502834,NA
49ers ,DST,SF,NA,11191356,11249878,11282742,11348824,11457559,11502843,NA
Aaron Burbridge,WR,SF,NA,11192278,NA,NA,NA,NA,NA,NA
Aaron Ripkowski,RB,GB,NA,11191967,NA,NA,NA,NA,NA,NA
Adam Thielen,WR,MIN,thiela1,11192387,11250540,11283316,NA,11457140,11503360,11534351
Adonis Jennings,WR,GB,NA,11192810,NA,NA,NA,NA,NA,NA
Akrum Wadley,RB,TEN,NA,11192428,NA,NA,NA,NA,NA,NA
Aldrick Robinson,WR,MIN,robina1,NA,NA,NA,NA,11457294,11502966,11534493
Aldrick Robinson,WR,SF,NA,11191518,NA,NA,NA,NA,NA,NA
Alec Bloom,TE,ARI,NA,11192898,NA,NA,NA,NA,NA,NA
Alex Armah,RB,CAR,armaha1,11193058,11250811,11283558,NA,11457080,11503586,11534275
Alex Collins,RB,BAL,collia2,11192491,NA,11283346,11349493,11456988,11503388,11534203
Alex Ellis,TE,KC,NA,11192021,11250360,11283147,11349300,NA,NA,NA
Alex Gray,TE,ATL,NA,11193197,NA,NA,NA,NA,NA,NA
Alex McGough,QB,SEA,NA,11192764,NA,NA,NA,NA,NA,NA
Alex Tanney,QB,NYG,NA,11192094,11250398,11283183,11349326,NA,11503252,NA
Alfred Blue,RB,HOU,bluea1,11191705,11250164,11282976,11349097,11457040,NA,11534239
Alfred Morris,RB,SF,morria1,11191480,11249993,11282835,11348933,11456994,11502938,NA
Algernon Brown,RB,KC,NA,11191828,NA,NA,NA,NA,NA,NA
Allen Hurns,WR,DAL,hurnsa1,11191715,11250170,11282980,11349103,11457276,NA,NA
Allen Lazard,WR,JAX,NA,11192886,NA,NA,NA,NA,NA,NA
Alonzo Russell,WR,NYG,NA,11192294,NA,NA,NA,NA,NA,NA
Alshon Jeffery,WR,PHI,jeffea1,11193135,11250133,11282949,11349068,11457160,NA,NA
Amara Darboh,WR,NE,NA,11192274,NA,NA,NA,NA,NA,NA
Amari Cooper,WR,OAK,coopea1,11192103,11250403,11283186,11349331,NA,NA,NA
Amba Etta-Tawo,WR,NYG,NA,11192268,NA,NA,NA,NA,NA,NA
Andre Levrone,WR,BAL,NA,11192517,NA,NA,NA,NA,NA,NA
Andre Patton,WR,LAC,NA,11192525,NA,NA,NA,NA,NA,NA
Andrew DePaola,TE,OAK,NA,11191427,11249949,NA,NA,NA,NA,NA
Andrew Vollert,TE,ARI,NA,11192641,NA,NA,NA,NA,NA,NA
Andy Janovich,RB,DEN,janova1,11192118,11250410,11283191,11349336,NA,11503256,11534329
Anthony Denham,TE,PHI,NA,11193207,NA,NA,NA,NA,NA,NA
Anthony Manzo-Lewis,RB,LAC,NA,11193017,NA,NA,NA,NA,NA,NA
Antonio Brown,WR,PIT,browna4,11191533,11250036,11283677,11348973,NA,11502979,11534353
Auden Tate,WR,CIN,tatea1,11193003,NA,11283534,11349692,NA,NA,NA
Austin Allen,QB,TB,NA,11192490,NA,NA,NA,NA,NA,NA
Austin Davis,QB,SEA,NA,11191514,NA,NA,NA,NA,NA,NA
Austin Davis,QB,TEN,NA,NA,NA,NA,NA,NA,NA,NA
Austin Duke,WR,CAR,NA,11192600,NA,NA,NA,NA,NA,NA
Austin Johnson,RB,TB,NA,11191542,NA,NA,NA,NA,NA,NA
Austin Proehl,WR,BUF,NA,11192747,NA,NA,NA,NA,NA,NA
Austin Roberts,TE,LAC,NA,11192930,NA,NA,NA,NA,NA,NA
Austin Traylor,TE,DEN,NA,11192004,NA,NA,NA,NA,NA,NA
Ben Johnson,TE,LAC,NA,11192409,NA,NA,NA,NA,NA,NA
Ben Koyack,TE,JAX,NA,11192072,NA,NA,NA,NA,NA,NA
Ben Roethlisberger,QB,PIT,roethb1,11191396,11249917,11283630,11348860,NA,11502876,11534121
Bennie Fowler,WR,CHI,NA,11191686,11250827,NA,NA,NA,NA,NA
Bennie Fowler,WR,NYG,fowleb1,NA,NA,NA,NA,NA,11503073,NA
Bernard Reedy,WR,TB,NA,11191834,NA,NA,NA,NA,NA,NA
Bilal Powell,RB,NYJ,powelb1,11191526,11250028,11283598,11348966,11457010,11502974,NA
Billy Brown,TE,PHI,NA,11193199,NA,NA,NA,NA,NA,NA
Blake Bell,TE,MIN,NA,11191723,NA,NA,NA,NA,NA,NA
Blake Jackson,WR,CLE,NA,11192205,NA,NA,NA,NA,NA,NA
Blake Jarwin,TE,DAL,jarwib1,11192324,11250508,11283288,11349429,11457520,NA,NA
Blake Mack,TE,KC,NA,11192876,NA,NA,NA,NA,NA,NA
Bo Scarbrough,RB,DAL,NA,11192853,NA,NA,NA,NA,NA,NA
Bobo Wilson,WR,TB,wilsob2,11192455,NA,NA,NA,NA,NA,NA
Boston Scott,RB,NO,NA,11192609,NA,NA,NA,NA,NA,NA
Brad Kaaya,QB,IND,NA,11192792,NA,NA,NA,NA,NA,NA
Bradley Marquez,WR,DET,NA,11191973,11250331,NA,NA,NA,NA,NA
Braedon Bowman,TE,LAC,NA,11192752,NA,NA,NA,NA,NA,NA
Branden Oliver,RB,IND,NA,11191656,NA,NA,NA,NA,NA,NA
Brandon Allen,QB,LAR,NA,11191950,11250318,11283109,NA,NA,NA,NA
Brandon Bolden,RB,NE,NA,11191599,NA,NA,NA,NA,NA,NA
Brandon Coleman,WR,NO,NA,11191797,NA,NA,NA,NA,NA,NA
Brandon LaFell,WR,CIN,NA,11191429,NA,NA,NA,NA,NA,NA
Brandon Marshall,WR,SEA,marshb1,11191370,11249893,11282753,11348838,NA,11502855,11534489
Brandon Radcliff,RB,MIA,NA,11192207,NA,NA,NA,NA,NA,NA
Brandon Reilly,WR,BUF,NA,11192122,NA,NA,NA,NA,NA,NA
Brandon Shippen,WR,TEN,NA,11192213,NA,NA,NA,NA,NA,NA
Brandon Tate,WR,NO,NA,11191413,NA,NA,NA,NA,NA,NA
Brandon Weeden,QB,HOU,NA,11191492,11250001,11282843,11348941,11456942,NA,11534144
Brandon Wilds,RB,JAX,wildsb1,11191961,NA,11283118,11349261,NA,NA,NA
Brandon Zylstra,WR,MIN,zylstb1,11193042,11250803,11283548,NA,11457318,11503578,11534549
Braxton Miller,WR,HOU,NA,11191894,NA,NA,NA,NA,NA,NA
Breshad Perriman,WR,BAL,NA,11192134,NA,NA,NA,NA,NA,NA
Brian Brown,WR,DET,NA,11192637,NA,NA,NA,NA,NA,NA
Brian Hill,RB,CIN,NA,11192756,NA,NA,NA,NA,NA,NA
Brian Parker,TE,DEN,NA,11191801,NA,NA,NA,NA,11503125,11534723
Brice Butler,WR,ARI,NA,11191559,NA,NA,NA,NA,NA,NA
Brice Butler,WR,DAL,butleb1,NA,NA,NA,11348992,11457370,NA,NA
Brogan Roback,QB,CLE,NA,11192483,NA,NA,NA,NA,NA,NA
Broncos ,DST,DEN,NA,11191339,11249860,11282728,11348808,NA,11502829,11534755
Bronson Hill,RB,GB,NA,11191946,NA,NA,NA,NA,NA,NA
Bruce Ellington,WR,HOU,ellinb1,11191957,11250323,11283114,11349257,11457352,NA,11534565
Bryce Bobo,WR,DEN,NA,11192549,NA,NA,NA,NA,NA,NA
Bryce Petty,QB,MIA,NA,11191651,NA,NA,NA,NA,NA,NA
Bryce Treggs,WR,PHI,NA,11193157,NA,NA,NA,NA,NA,NA
Bryce Williams,TE,ARI,NA,11192068,NA,NA,NA,NA,NA,NA
Bucky Hodges,TE,PIT,NA,11192469,NA,NA,NA,NA,NA,NA
Buddy Howell,RB,HOU,NA,NA,11250710,NA,11349614,11457104,NA,11534327
Buddy Howell,RB,HOU,NA,NA,NA,11283457,11349614,11457104,NA,11534327
Buddy Howell Jr.,RB,MIA,NA,11192816,NA,NA,NA,NA,NA,NA
Bug Howard,WR,CAR,NA,11192347,NA,NA,NA,NA,NA,NA
Byron Pringle,WR,KC,NA,11193034,NA,NA,NA,NA,NA,NA
C.J. Anderson,RB,CAR,anderc2,11192025,11250364,11283151,NA,11457048,11503230,11534255
C.J. Beathard,QB,SF,beathc1,11192200,11250446,11283224,11349376,11456922,11503292,NA
C.J. Board,WR,CLE,NA,11192266,NA,NA,NA,NA,NA,NA
C.J. Duncan,WR,ARI,NA,11192509,NA,NA,NA,NA,NA,NA
C.J. Ham,RB,MIN,hamc1,11193040,11250801,11283546,NA,11457056,11503576,11534311
Caleb Scott,WR,SEA,NA,11192855,NA,NA,NA,NA,NA,NA
Cam Newton,QB,CAR,newtoc1,11191472,11249985,11282831,NA,11456909,11502931,11534113
Cam Serigne,TE,CAR,NA,11192417,NA,NA,NA,NA,NA,NA
Cam Sims,WR,WAS,simsc2,11192762,11250689,NA,NA,NA,NA,NA
Cameron Artis-Payne,RB,CAR,artisc1,11192332,11250510,11283290,NA,11457082,11503340,11534273
Cardale Jones,QB,LAC,NA,11192139,NA,NA,NA,NA,NA,NA
Carlos Henderson,WR,DEN,NA,11192399,11250831,NA,NA,NA,NA,NA
Carlos Hyde,RB,CLE,hydec1,11191735,11250182,11283569,11349115,NA,NA,NA
Carlton Agudosi,WR,ARI,NA,11192282,NA,NA,NA,NA,NA,NA
Carson Wentz,QB,PHI,wentzc1,11193094,11250393,11283182,11349323,11456908,NA,NA
Case Keenum,QB,DEN,keenuc1,11191467,11249980,11282828,11348921,NA,11502928,11534131
Cayleb Jones,WR,MIN,NA,11192182,NA,NA,NA,NA,NA,NA
Cedrick Wilson,WR,DAL,wilsoc2,11193028,NA,NA,NA,NA,NA,NA
Cethan Carter,TE,CIN,cartec1,11192356,NA,NA,NA,NA,NA,NA
Chad Beebe,WR,MIN,NA,11192537,NA,NA,NA,NA,NA,NA
Chad Hansen,WR,NE,NA,11192676,11250642,NA,NA,NA,NA,NA
Chad Kanoff,QB,ARI,NA,11192669,NA,NA,NA,NA,NA,NA
Chad Kelly,QB,DEN,NA,11192138,11250414,11283197,11349344,NA,11503266,NA
Charcandrick West,RB,NYJ,NA,11192645,NA,NA,NA,NA,NA,NA
Charles Johnson,WR,NYJ,NA,11191486,NA,NA,NA,NA,NA,NA
Charles Sims,RB,TB,NA,11191667,NA,NA,NA,NA,NA,NA
Chase Litton,QB,KC,NA,11192964,NA,NA,NA,NA,NA,NA
Chris Bazile,TE,ARI,NA,11192760,NA,NA,NA,NA,NA,NA
Chris Ezeala,RB,BAL,NA,11193076,NA,NA,NA,NA,NA,NA
Chris Lacy,WR,DET,NA,11192840,NA,NA,NA,NA,NA,NA
Chris Manhertz,TE,CAR,manhec1,11191847,11250258,11283050,NA,11457462,11503142,11534665
Chris Moore,WR,BAL,moorec1,11192008,NA,11283142,11349289,11457360,11503221,11534539
Chris Thompson,WR,HOU,NA,11192579,NA,NA,NA,NA,NA,NA
Chris Warren III,RB,OAK,warrec1,11193005,NA,NA,NA,NA,NA,NA
Christian Blake,WR,ATL,NA,11193159,NA,NA,NA,NA,NA,NA
Christian Hackenberg,QB,PHI,NA,11193101,NA,NA,NA,NA,NA,NA
Christian McCaffrey,RB,CAR,mccafc1,11192776,11250694,11283451,NA,11456960,11503486,11534167
Christian Scotland-Williamson,TE,PIT,NA,11193078,NA,NA,NA,NA,NA,NA
Christine Michael,RB,IND,michac1,11191682,11250154,11282968,11349085,NA,NA,NA
Christopher Herndon,TE,NYJ,herndc1,11192801,NA,NA,NA,NA,NA,NA
Clayton Wilson,TE,SEA,NA,11193088,NA,NA,NA,NA,NA,NA
Clive Walford,TE,NYJ,NA,11191768,NA,NA,NA,NA,NA,NA
Cobi Hamilton,WR,IND,NA,11191693,NA,NA,NA,NA,NA,NA
Codey McElroy,TE,LAR,NA,11193020,NA,NA,NA,NA,NA,NA
Cody Latimer,WR,NYG,latimc1,11192058,11250383,11283172,11349317,NA,11503242,NA
Cole Beasley,WR,DAL,beaslc1,11191567,11250056,11282886,11348998,11457228,NA,NA
Cole Hikutini,TE,SF,NA,11192300,NA,NA,NA,NA,NA,NA
Cole Hunt,TE,LAC,NA,11192535,NA,NA,NA,NA,NA,NA
Cole Wick,TE,SF,NA,11192322,11250506,11283286,11349427,11457528,NA,NA
Colin Thompson,TE,CHI,NA,11192252,NA,NA,NA,NA,NA,NA
Connor Cook,QB,OAK,NA,11191995,NA,NA,NA,NA,NA,NA
Connor Jessop,QB,WAS,NA,11192199,NA,NA,NA,NA,NA,NA
Cooper Rush,QB,DAL,NA,11192247,11250464,11283244,11349389,11456944,NA,NA
Corey Clement,RB,PHI,clemec1,11193111,11250575,11283342,11349489,11456990,NA,NA
Corey Coleman,WR,BUF,NA,11192262,NA,NA,NA,NA,NA,NA
Corey Coleman,WR,NE,NA,NA,11250829,11283711,NA,NA,NA,NA
Corey Willis,WR,ARI,NA,11192373,NA,NA,NA,NA,NA,NA
Courtland Sutton,WR,DEN,suttoc1,11192910,11250748,11283489,11349646,NA,11503524,11534443
Cowboys ,DST,DAL,NA,11191338,11249859,11282727,11348807,11457546,NA,NA
Curtis Samuel,WR,CAR,samuec1,11192710,11250660,11283426,NA,11457246,11503465,11534463
Cyril Grayson Jr.,WR,SEA,NA,11193054,NA,NA,NA,NA,NA,NA
D'Onta Foreman,RB,HOU,NA,11192844,11250724,11283467,11349624,11457038,NA,11534241
D.J. Foster,RB,ARI,fosted2,11192132,NA,NA,NA,NA,NA,NA
D.J. Moore,WR,CAR,moored4,11192976,11250776,11283520,NA,11457234,11503549,11534421
DaeSean Hamilton,WR,DEN,hamild1,11192583,11250602,11283370,11349516,NA,11503412,11534571
Dak Prescott,QB,DAL,prescd1,11191874,11250277,11283065,11349214,11456916,NA,NA
Dallas Goedert,TE,PHI,goeded1,11193185,11250648,11283412,11349562,11457430,NA,NA
Dalton Crossan,RB,TB,NA,11192146,NA,NA,NA,NA,NA,NA
Dalton Schultz,TE,DAL,schuld1,11192778,11250696,11283453,11349600,11457522,NA,NA
Dalton Sturm,QB,DAL,NA,11192846,NA,NA,NA,NA,NA,NA
Dalvin Cook,RB,MIN,cookd1,11192758,11250687,11283446,NA,11456972,11503484,11534187
Dalyn Dawkins,RB,TEN,NA,11192585,NA,NA,11349518,NA,NA,NA
Damiere Byrd,WR,CAR,byrdd3,11191955,11250321,11283112,NA,11457316,11503205,11534515
Damore'ea Stringfellow,WR,SEA,strind1,11192561,NA,NA,NA,NA,NA,NA
Damoun Patterson,WR,PIT,NA,11192731,NA,NA,NA,NA,NA,NA
Dan Arnold,WR,NO,arnold1,11193066,NA,NA,NA,NA,NA,NA
Dan Williams III,WR,WAS,NA,11192655,NA,NA,NA,NA,NA,NA
Daniel Braverman,WR,KC,NA,11192126,NA,NA,NA,NA,NA,NA
Daniel Marx,RB,SEA,NA,11192774,NA,NA,NA,NA,NA,NA
Danny Etling,QB,NE,NA,11192365,NA,NA,NA,NA,NA,NA
Danny Vitale,RB,CLE,vitald1,11192203,NA,NA,NA,NA,NA,NA
Dante Pettis,WR,SF,pettid1,11192882,11250738,11283479,11349638,11457266,11503516,NA
Dare Ogunbowale,RB,TB,NA,11192312,NA,NA,NA,NA,NA,NA
Darius Jackson,RB,DAL,NA,11192248,NA,NA,NA,NA,NA,NA
Darius Jackson,RB,GB,NA,NA,11250465,11283245,11349390,NA,NA,NA
Darius Prince,WR,PHI,NA,11193179,NA,NA,NA,NA,NA,NA
Darius Victor,RB,ARI,NA,11192567,NA,NA,NA,NA,NA,NA
Darren Carrington II,WR,DAL,NA,11192423,NA,NA,NA,NA,NA,NA
Darren Sproles,RB,PHI,sprold1,11193109,11249891,11282751,11348836,11457020,NA,NA
Darren Waller,TE,BAL,NA,11191922,NA,11283093,11349241,11457514,11503187,11534695
Darrius Heyward-Bey,WR,PIT,heywad1,11191411,11249933,11283717,11348874,NA,11502887,11534535
Darvin Kidsy,WR,WAS,NA,11192477,NA,NA,NA,NA,NA,NA
David Morgan,TE,MIN,morgad1,11192082,11250389,11283178,NA,11457468,11503248,11534707
David Wells,TE,DAL,NA,11192531,NA,NA,NA,NA,NA,NA
David Williams,RB,DEN,NA,11192507,NA,NA,NA,NA,NA,NA
Davis Webb,QB,NYG,NA,11192386,NA,NA,NA,NA,NA,NA
De'Angelo Henderson,RB,DEN,NA,11191940,NA,NA,NA,NA,NA,NA
De'Angelo Henderson,RB,NYJ,NA,NA,NA,NA,NA,NA,NA,11534293
De'Anthony Thomas,WR,KC,thomad7,11192036,11250371,11283160,11349307,NA,NA,NA
De'Lance Turner,RB,BAL,turned1,11193013,NA,11283540,11349700,NA,NA,NA
De'Veon Smith,RB,WAS,NA,11192436,NA,NA,NA,NA,NA,NA
DeAndre Carter,WR,PHI,carted4,11193173,11250391,11283180,NA,11457310,NA,NA
DeAndre Goolsby,TE,JAX,NA,11192688,NA,NA,NA,NA,NA,NA
DeAndre Hopkins,WR,HOU,hopkid1,11191840,11250251,11283045,11349188,11457154,NA,11534355
DeAndre Smelter,WR,JAX,NA,11192577,NA,NA,NA,NA,NA,NA
DeAndrew White,WR,DEN,NA,11191807,NA,NA,NA,NA,NA,NA
DeAngelo Yancey,WR,GB,NA,11192587,NA,NA,NA,NA,NA,NA
Demarcus Ayers,WR,CHI,NA,11192441,NA,NA,NA,NA,NA,NA
Demaryius Thomas,WR,DEN,thomad5,11191463,11249978,11282826,11348919,NA,11502926,NA
Demaryius Thomas,WR,HOU,thomad5,NA,NA,NA,NA,NA,NA,11534415
Deon Cain,WR,IND,NA,11192960,NA,NA,NA,NA,NA,NA
Deon Yelder,TE,NO,NA,11192626,NA,NA,NA,NA,NA,NA
Deontay Burnett,WR,TEN,NA,11193011,NA,NA,NA,NA,NA,NA
Deonte Thompson,WR,DAL,thompd1,11191490,11249999,11282841,11348939,11457278,NA,NA
Derrick Willies,WR,CLE,NA,11192430,11250562,11283585,11349474,NA,NA,NA
Derrius Guice,RB,WAS,NA,11192944,NA,NA,NA,NA,NA,NA
Deshaun Watson,QB,HOU,watsod1,11192767,11250691,11283448,11349597,11456914,NA,11534114
Devante Mays,RB,GB,NA,11192958,NA,NA,NA,NA,NA,NA
DeVier Posey,WR,BAL,NA,11191589,NA,NA,NA,NA,NA,NA
Devin Funchess,WR,CAR,funchd1,11192276,11250482,11283268,NA,11457178,11503318,11534387
Devin Gray,WR,ATL,NA,11193167,NA,NA,NA,NA,NA,NA
Devin Lucien,WR,NE,NA,11191963,NA,NA,NA,NA,NA,NA
Devin Ross,WR,TEN,NA,11192553,NA,NA,NA,NA,NA,NA
Devine Redding,RB,TB,NA,11192894,NA,NA,NA,NA,NA,NA
Devon Cajuste,TE,CLE,NA,11191908,NA,NA,NA,NA,NA,NA
Devontae Booker,RB,DEN,booked1,11192384,11250538,11283314,11349454,NA,11503358,11534231
Devonte Boyd,WR,CIN,NA,11192754,NA,NA,NA,NA,NA,NA
Dimitri Flowers,RB,NYJ,NA,11192698,NA,NA,NA,NA,NA,NA
Donnel Pumphrey,RB,PHI,NA,11193119,NA,NA,NA,NA,NA,NA
Donnie Ernsberger,TE,TB,NA,11192922,NA,NA,NA,NA,NA,NA
Donteea Dye,WR,TB,NA,11192971,NA,NA,NA,NA,NA,NA
Dontez Byrd,WR,ATL,NA,11193169,NA,NA,NA,NA,NA,NA
Dontez Ford,WR,DET,NA,11192209,NA,NA,NA,NA,NA,NA
Dorren Miller,WR,JAX,NA,11193072,NA,NA,NA,NA,NA,NA
Dres Anderson,WR,DAL,anderd6,11191731,NA,NA,NA,NA,NA,NA
Drew Morgan,WR,MIA,NA,11192495,NA,NA,NA,NA,NA,NA
Dwayne Washington,RB,DET,NA,11192328,NA,NA,NA,NA,NA,NA
Dylan Cantrell,WR,LAC,NA,11192569,NA,NA,NA,NA,NA,NA
Eagles ,DST,PHI,NA,11193209,11249874,11282739,11348820,11457547,NA,NA
EJ Manuel,QB,OAK,NA,11191576,NA,NA,NA,NA,NA,NA
Eldridge Massington,WR,NO,NA,11192382,NA,NA,NA,NA,NA,NA
Eli Manning,QB,NYG,mannie1,11191392,11249913,11282773,11348856,NA,11502873,NA
Eli Rogers,WR,PIT,NA,11192012,11250353,11283721,11349293,NA,11503225,11534531
Elijah Hood,RB,CAR,NA,11192743,11250682,11283440,NA,11457084,11503479,11534277
Elijah Marks,WR,KC,NA,11192908,NA,NA,NA,NA,NA,NA
Elijah Wellman,RB,WAS,NA,11192411,NA,NA,NA,NA,NA,NA
Elijhaa Penny,RB,ARI,NA,11192010,NA,NA,NA,NA,NA,NA
Elijhaa Penny,RB,NYG,NA,NA,NA,NA,11349291,NA,11503223,NA
Emanuel Byrd,TE,GB,NA,11192965,NA,NA,NA,NA,NA,NA
Emmanuel Sanders,WR,DEN,sandee1,11191438,11249957,11282807,11348896,NA,11502905,11534377
Erv Philips,WR,TB,NA,11192867,NA,NA,NA,NA,NA,NA
Ethan Wolf,TE,TEN,NA,11192704,NA,NA,NA,NA,NA,NA
Evan Baylis,TE,CAR,NA,11192158,NA,NA,NA,NA,NA,NA
Evan Berry,WR,CLE,NA,11192770,NA,NA,NA,NA,NA,NA
Evan Engram,TE,NYG,engrae1,11192596,11250606,11283376,11349524,NA,11503418,NA
Ezekiel Elliott,RB,DAL,ellioe1,11192363,11250530,11283308,11349446,11456958,NA,NA
Fitzgerald Toussaint,RB,PIT,NA,11191684,NA,NA,NA,NA,NA,NA
Francis Owusu,WR,MIA,NA,11192405,NA,NA,NA,NA,NA,NA
Fred Brown,WR,LAR,NA,11192156,NA,NA,NA,NA,NA,NA
Fred Ross Jr.,WR,CAR,NA,11192451,NA,NA,NA,NA,NA,NA
Freddie Martino,WR,TB,martif1,11191844,11250255,11283725,11349192,11457304,NA,NA
Gabe Holmes,TE,ARI,holmeg1,11191654,11250135,11282951,11349070,NA,11503058,NA
Gannon Sinclair,TE,PHI,NA,11193203,NA,NA,NA,NA,NA,NA
Garrett Celek,TE,SF,celekg1,11191528,11250030,11282867,11348968,11457530,11502976,NA
Garrett Dickerson,TE,NYG,NA,11192786,NA,NA,NA,NA,NA,NA
Garrett Gilbert,QB,CAR,NA,11191658,NA,NA,NA,NA,NA,NA
Garrett Grayson,QB,ATL,NA,11193099,NA,NA,NA,NA,NA,NA
Garrett Griffin,TE,NO,NA,11192314,NA,NA,NA,NA,NA,NA
Garrett Hudson,TE,WAS,NA,11192745,NA,NA,NA,NA,NA,NA
Garrett Johnson,WR,CHI,NA,11192838,NA,NA,NA,NA,NA,NA
Gavin Escobar,TE,MIA,NA,11191663,11250141,NA,NA,NA,NA,NA
Gehrig Dieter,WR,KC,NA,11192136,NA,NA,NA,NA,NA,NA
Geoff Swaim,TE,DAL,swaimg1,11192341,11250517,11283297,11349433,11457414,NA,NA
George Atkinson III,RB,NYJ,NA,11192070,NA,NA,NA,NA,NA,NA
George Kittle,TE,SF,kittlg1,11192389,11250542,11283318,11349456,11457392,11503362,NA
Gerald Holmes,RB,SEA,NA,11192581,NA,NA,NA,NA,NA,NA
Giants ,DST,NYG,NA,11191351,11249872,11282738,11348818,NA,11502839,NA
Golden Tate,WR,DET,tateg1,11191508,11250015,11283683,11348953,11457158,11502959,11534381
Greg Little,WR,ARI,NA,11191504,NA,NA,NA,NA,NA,NA
Greg Olsen,TE,CAR,olseng1,11191386,11249907,11282769,NA,11457398,11502869,11534593
Greg Ward Jr.,WR,PHI,NA,11193181,NA,NA,NA,NA,NA,NA
Gus Edwards,RB,BAL,edwarg1,11192415,NA,NA,NA,11457072,11503372,11534299
Hakeem Valles,TE,DET,valleh1,11192172,11250433,11283739,11349363,NA,NA,NA
Hayden Hurst,TE,BAL,hursth1,11192993,NA,11283526,11349682,11457440,11503564,11534635
Henry Krieger-Coble,TE,LAR,NA,11192076,NA,NA,NA,NA,NA,NA
Henry Poggi,RB,NE,NA,11192434,NA,NA,NA,NA,NA,NA
Hunter Sharp,WR,NYG,NA,11192822,NA,NA,NA,NA,NA,NA
Ian Thomas,TE,CAR,thomai1,11193052,11250809,11283554,NA,11457538,11503582,11534663
Isaac Whitney,WR,OAK,NA,11192950,NA,NA,NA,NA,NA,NA
Isaiah Ford,WR,MIA,NA,11192872,NA,NA,NA,NA,NA,NA
Isaiah McKenzie,WR,DEN,NA,11192739,11250678,NA,NA,NA,NA,11534573
J.J. Jones,WR,LAC,NA,11193084,11250821,11283564,11349720,NA,NA,NA
J.P. Holtz,TE,WAS,NA,11192211,NA,NA,NA,NA,NA,NA
J.T. Barrett,QB,NO,NA,11192360,NA,NA,NA,NA,NA,NA
Ja'Quan Gardner,RB,SF,NA,11193092,NA,NA,NA,NA,NA,NA
Jace Amaro,TE,KC,NA,11191969,NA,NA,NA,NA,NA,NA
Jace Billingsley,WR,DET,NA,11192653,NA,NA,NA,NA,NA,NA
Jack Heneghan,QB,SF,NA,11192805,NA,NA,NA,NA,NA,NA
Jaeden Graham,TE,ATL,NA,11193191,NA,NA,NA,NA,NA,NA
Jaelon Acklin,WR,BAL,NA,11192799,NA,NA,NA,NA,NA,NA
Jake Butt,TE,DEN,buttj1,11192354,11250528,11283306,11349444,NA,NA,NA
Jake Lampman,WR,TB,NA,11192659,NA,NA,NA,NA,NA,NA
Jake Rudock,QB,DET,NA,11192078,NA,NA,NA,NA,NA,NA
Jake Wieneke,WR,MIN,wienej1,11192649,NA,NA,NA,NA,NA,NA
Jaleel Scott,WR,BAL,NA,11193032,NA,11283544,11349704,11457358,11503574,11534543
Jalen Simmons,RB,NYG,NA,11192054,NA,NA,NA,NA,NA,NA
Jalen Tolliver,WR,ARI,NA,11193074,NA,NA,NA,NA,NA,NA
Jalston Fowler,RB,ATL,NA,11193129,NA,NA,NA,NA,NA,NA
Jamaal Charles,RB,JAX,charlj1,NA,NA,NA,NA,11457070,NA,NA
Jamaal Charles,RB,JAX,charlj1,NA,NA,NA,NA,11457070,NA,NA
Jamaal Jones,WR,CAR,NA,11192040,NA,NA,NA,NA,NA,NA
James Butler,RB,OAK,NA,11192714,NA,NA,NA,NA,NA,NA
James Conner,RB,PIT,connej2,11192465,11250573,11283641,11349487,NA,11503386,11534173
James Summers,RB,PIT,NA,11193015,NA,NA,NA,NA,NA,NA
James Washington,WR,PIT,washij1,11192842,11250722,11283699,11349622,NA,11503504,11534483
James Wright,WR,IND,NA,11191709,NA,NA,NA,NA,NA,NA
Jamize Olawale,RB,DAL,NA,11191836,11250247,11283041,11349186,11457118,NA,NA
Janarion Grant,WR,BAL,grantj2,11192523,NA,11283354,NA,NA,NA,NA
Jared Murphy,WR,CIN,NA,11192484,NA,NA,NA,NA,NA,NA
Jarius Wright,WR,CAR,wrighj2,11191597,11250079,11282905,NA,11457286,11503014,11534477
Jarveon Williams,RB,CIN,NA,11192479,NA,NA,NA,NA,NA,NA
Jarvion Franklin,RB,PIT,NA,11192712,NA,NA,NA,NA,NA,NA
Jason Reese,TE,CAR,NA,11192503,NA,NA,NA,NA,NA,NA
Jason Vander Laan,TE,CAR,vandej2,11192661,NA,NA,NA,NA,NA,NA
Javorius Allen,RB,BAL,allenj2,11191913,NA,11283086,11349237,11457000,11503180,11534223
Jawill Davis,WR,NYG,davisj8,11192674,NA,NA,NA,NA,11503449,NA
Jay Ajayi,RB,PHI,ajayij1,11193105,11250273,11283059,11349208,11457138,NA,NA
Jay Prosch,RB,HOU,NA,11191727,NA,NA,NA,NA,NA,NA
Jaydon Mickens,WR,JAX,mickej1,11192258,11250475,11283257,11349400,11457354,NA,NA
Jaylen Samuels,RB,PIT,samuej1,11192808,11250706,11283671,11349610,NA,11503496,11534295
Je'Ron Hamm,TE,LAC,NA,11191739,NA,NA,NA,NA,NA,NA
Jeff Badet,WR,MIN,NA,11192545,NA,NA,NA,NA,NA,NA
Jeff Heuerman,TE,DEN,heuerj1,11191892,11250288,11283081,11349228,NA,11503171,11534637
Jeff Janis,WR,CLE,NA,11192686,NA,NA,NA,NA,NA,NA
Jeff Wilson,RB,SF,NA,11192818,NA,NA,NA,NA,NA,NA
Jehu Chesson,WR,KC,NA,11192272,NA,NA,NA,NA,NA,NA
Jerell Adams,TE,NYG,adamsj2,11192239,NA,NA,NA,NA,NA,NA
Jeremy Hill,RB,NE,NA,11192108,11250406,NA,NA,NA,NA,NA
Jeremy Kerley,WR,BUF,kerlej1,11191506,11250013,NA,NA,NA,NA,NA
Jeremy Langford,RB,MIA,NA,11191815,NA,NA,NA,NA,NA,NA
Jeremy McNichols,RB,IND,mcnicj1,NA,NA,NA,NA,NA,NA,NA
Jeremy McNichols,RB,SF,NA,11192878,NA,NA,NA,NA,NA,NA
Jerick McKinnon,RB,SF,NA,11191851,NA,NA,NA,NA,NA,NA
Jerome Cunningham,TE,TEN,NA,11191700,NA,NA,NA,NA,NA,NA
Jesse James,TE,PIT,jamesj2,11192124,11250412,11283731,11349340,NA,11503260,11534619
Jester Weah,WR,HOU,NA,11192467,NA,NA,NA,NA,NA,NA
Jevoni Robinson,TE,HOU,NA,11192330,NA,NA,NA,NA,NA,NA
Jhurell Pressley,RB,NYG,NA,11192101,NA,NA,NA,NA,NA,NA
Jimmy Garoppolo,QB,SF,garopj1,11191782,11250213,11283009,11349151,11456953,11503116,NA
Jimmy Williams III,WR,DEN,NA,11192607,NA,NA,NA,NA,NA,NA
Joe Callahan,QB,PHI,NA,11193102,NA,NA,NA,NA,NA,NA
Joe Flacco,QB,BAL,flaccj1,11191380,NA,11282763,11348847,11456915,11502865,11534127
Joe Kerridge,RB,GB,NA,11191993,NA,NA,NA,NA,NA,NA
Joe Webb III,QB,HOU,NA,11191421,11249941,11282795,11348882,11456950,NA,11534158
Joe Williams,RB,SF,NA,11192954,NA,NA,NA,NA,NA,NA
Joel Bouagnon,RB,GB,NA,11192539,NA,NA,NA,NA,NA,NA
John Brown,WR,BAL,brownj5,11191617,NA,11282921,11349032,11457172,11503031,11534383
John Diarse,WR,DEN,NA,11192336,NA,NA,NA,NA,NA,NA
John Phillips,TE,NO,NA,11191436,NA,NA,NA,NA,NA,NA
John Wolford,QB,NYJ,NA,11192869,NA,NA,NA,NA,NA,NA
Johnny Holton,WR,OAK,holtoj1,11192589,NA,NA,NA,NA,NA,NA
Johnny Stanton,RB,MIN,NA,11192358,NA,NA,NA,NA,NA,NA
Jonathan Stewart,RB,NYG,stewaj3,11191419,11249939,11282793,11348880,NA,11502893,NA
Jonathan Williams,RB,NO,willij8,11192235,11250458,11283236,11349383,NA,NA,NA
Jordan Akins,TE,HOU,akinsj1,11192900,11250742,11283483,11349642,11457508,NA,11534719
Jordan Chunn,RB,DAL,NA,11192488,NA,NA,NA,NA,NA,NA
Jordan Lasley,WR,BAL,NA,11192928,NA,11283499,11349654,11457362,11503532,11534537
Jordan Leslie,WR,DEN,NA,11191776,NA,NA,NA,NA,NA,NA
Jordan Matthews,WR,NE,matthj2,11191785,NA,NA,NA,NA,NA,NA
Jordan Matthews,WR,PHI,matthj2,NA,NA,NA,11349152,11457284,NA,NA
Jordan Smallwood,WR,KC,NA,11192565,NA,NA,NA,NA,NA,NA
Jordan Taylor,WR,DEN,tayloj1,11191750,11250191,11282991,11349127,NA,11503100,11534567
Jordan Thomas,TE,HOU,thomaj3,11193048,11250807,11283552,11349708,11457506,NA,11534613
Jordan Veasy,WR,TEN,NA,11193026,NA,NA,NA,NA,NA,NA
Josh Adams,RB,PHI,adamsj3,11193115,NA,NA,11349696,11457078,NA,NA
Josh Crockett,WR,KC,NA,11193090,NA,NA,NA,NA,NA,NA
Josh Ferguson,RB,IND,NA,11191989,NA,NA,NA,NA,NA,NA
Josh Gordon,WR,CLE,gordoj1,11191649,11250131,NA,NA,NA,NA,NA
Josh Huff,WR,NO,NA,11191787,NA,NA,NA,NA,NA,NA
Josh Smith,WR,NO,NA,11192439,NA,NA,NA,NA,NA,NA
Josh Woodrum,QB,BAL,NA,11192081,NA,NA,NA,NA,NA,NA
Joshua Dobbs,QB,PIT,NA,11192438,11250564,11283638,11349476,NA,11503376,11534136
Joshua Perkins,TE,PHI,NA,11193205,11250375,11283164,11349309,11457460,NA,NA
Josiah Price,TE,MIN,NA,11192280,11250484,11283270,NA,11457464,11503320,11534705
JuJu Smith-Schuster,WR,PIT,smithj5,11192859,11250730,11283681,11349630,NA,11503510,11534367
Julian Allen,TE,CLE,NA,11192956,NA,NA,NA,NA,NA,NA
Julian Williams,WR,ATL,NA,11193161,NA,NA,NA,NA,NA,NA
Justice Liggins,WR,LAC,NA,11192651,NA,NA,NA,NA,NA,NA
Justin Crawford,RB,ATL,NA,11193121,NA,NA,NA,NA,NA,NA
Justin Hunter,WR,PIT,huntej1,11191721,11250174,11283719,11349107,NA,11503087,11534533
Justin Stockton,RB,SEA,NA,11192915,NA,NA,NA,NA,NA,NA
Justin Thomas,WR,PIT,NA,11192189,NA,NA,NA,NA,NA,NA
K.D. Cannon,WR,DAL,NA,11192884,NA,NA,NA,NA,NA,NA
K.J. Brent,WR,IND,NA,11191953,NA,NA,NA,NA,NA,NA
K.J. Maye,WR,NE,NA,11192116,NA,NA,NA,NA,NA,NA
Ka'Raun White,WR,CIN,NA,11192984,NA,NA,NA,NA,NA,NA
Kaelin Clay,WR,BUF,NA,11191813,11250228,NA,NA,NA,NA,NA
Kaelin Clay,WR,NYG,NA,NA,NA,11283020,11349166,NA,NA,NA
Kalif Raymond,WR,NYG,NA,11192215,NA,NA,NA,NA,NA,NA
Kamar Aiken,WR,PHI,aikenk1,11193151,NA,11282854,11348951,11457312,NA,NA
Kasen Williams,WR,IND,NA,11192042,NA,NA,NA,NA,NA,NA
Kayaune Ross,WR,CIN,NA,11193044,NA,NA,NA,NA,NA,NA
Keenan Reynolds,WR,SEA,NA,11192270,NA,11283261,11349404,NA,NA,NA
Keith Ford,RB,BUF,NA,11192563,NA,NA,NA,NA,NA,NA
Keith Kirkwood,WR,NO,NA,11192529,NA,NA,NA,NA,NA,NA
Keith Marshall,RB,WAS,NA,11192105,NA,NA,NA,NA,NA,NA
Keith Towbridge,TE,BUF,NA,11192448,NA,NA,NA,NA,NA,NA
Keke Coutee,WR,HOU,coutek1,11192999,11250791,11283530,11349688,11457212,NA,11534393
Kendal Thompson,WR,LAR,NA,11191876,NA,NA,NA,NA,NA,NA
Kendall Wright,WR,MIN,NA,11191563,NA,NA,NA,NA,NA,NA
Kendrick Bourne,WR,SF,bournk1,11192657,11250634,11283400,11349552,11457260,11503441,NA
Kenjon Barner,RB,CAR,NA,11191557,NA,NA,NA,NA,NA,NA
Kenneth Dixon,RB,BAL,dixonk1,11192219,NA,NA,11349379,11457114,11503295,11534301
Kenneth Farrow,RB,NE,farrok1,11192066,NA,NA,NA,NA,NA,NA
Kenny Bell,WR,DEN,NA,11191711,NA,NA,NA,NA,NA,NA
Kenny Britt,WR,NE,NA,11191465,NA,NA,NA,NA,NA,NA
Keon Hatcher,WR,OAK,NA,11192229,11250454,NA,NA,NA,NA,NA
Kermit Whitfield,WR,CIN,NA,11192453,NA,NA,NA,NA,NA,NA
Kerwynn Williams,RB,KC,NA,11191665,NA,NA,NA,NA,NA,NA
Kevin Hogan,QB,DEN,NA,NA,NA,11283083,11349234,NA,11503177,11534159
Kevin Hogan,QB,WAS,NA,11191910,11250294,NA,NA,NA,NA,NA
Kevin McDermott,TE,MIN,NA,11191584,11250072,11282898,NA,11457470,11503011,11534709
Kevin Rader,TE,GB,NA,11192918,NA,NA,NA,NA,NA,NA
Khalfani Muhammad,RB,NE,NA,11192547,NA,NA,NA,NA,NA,NA
Khalid Hill,RB,SEA,NA,11192432,NA,NA,NA,NA,NA,NA
Khari Lee,TE,BUF,leek1,11192938,11250760,11283503,11349656,NA,NA,NA
Kirk Cousins,QB,MIN,cousik1,11191530,11250033,11282870,NA,11456904,11502978,11534115
Knile Davis,RB,CHI,NA,11191628,NA,NA,NA,NA,NA,NA
Kobe McCrary,RB,MIN,NA,11193024,NA,NA,NA,NA,NA,NA
Korey Robertson,WR,MIN,NA,11192830,NA,NA,NA,NA,NA,NA
Krishawn Hogan,WR,IND,NA,11193064,NA,NA,NA,NA,NA,NA
Kurt Benkert,QB,ATL,NA,11193100,NA,NA,NA,NA,NA,NA
Kyle Allen,QB,CAR,NA,11192728,NA,NA,NA,NA,NA,NA
Kyle Carter,TE,SEA,NA,11192062,NA,NA,NA,NA,NA,NA
Kyle Juszczyk,RB,SF,juszck1,11191642,11250122,11282942,11349057,11457022,11503047,NA
Kyle Lauletta,QB,NYG,NA,11192636,11250631,11283397,11349549,NA,11503434,NA
Kyle Lewis,RB,GB,NA,11192670,NA,NA,NA,NA,NA,NA
Kyle Nelson,TE,SF,NA,11191444,11249961,11282813,11348902,11457532,11502911,NA
Kyle Rudolph,TE,MIN,rudolk1,11191610,11250092,11282915,NA,11457404,11503025,11534605
Kyle Sloter,QB,MIN,NA,11192228,11250453,11283233,NA,11456948,11503301,11534157
Lamar Jackson,QB,BAL,jacksl1,11192975,NA,11283519,11349672,11456933,11503548,11534138
Lamar Jordan,WR,ATL,NA,11193163,NA,NA,NA,NA,NA,NA
Lamar Miller,RB,HOU,millel2,11191674,11250148,11282962,11349079,11457012,NA,11534189
Lance Lenoir,WR,DAL,NA,11192572,NA,NA,NA,NA,NA,NA
Landry Jones,QB,PIT,NA,11191537,NA,NA,NA,NA,NA,NA
Laquon Treadwell,WR,MIN,treadl1,11192575,11250600,11283368,NA,11457264,11503410,11534485
Larry Rose III,RB,LAR,NA,11192772,NA,NA,NA,NA,NA,NA
Latavius Murray,RB,MIN,murral1,11191606,11250088,11282911,NA,11456984,11503021,11534191
Lavon Coleman,RB,HOU,NA,11192555,NA,NA,NA,NA,NA,NA
Lawrence Thomas,RB,NYJ,thomal3,11191996,NA,NA,NA,NA,NA,NA
Le'Veon Bell,RB,PIT,belll1,11191729,11250178,11283639,11349111,NA,11503089,11534165
Lenard Tillery,RB,TEN,NA,11192304,NA,NA,NA,NA,NA,NA
LeShun Daniels Jr.,RB,GB,NA,11192425,NA,NA,NA,NA,NA,NA
Logan Woodside,QB,CIN,NA,11192375,NA,NA,NA,NA,NA,NA
Luis Perez,QB,LAR,NA,11193019,NA,NA,NA,NA,NA,NA
Luke Falk,QB,MIA,NA,NA,NA,11283380,11349528,NA,NA,NA
Luke Falk,QB,TEN,NA,11192604,11250610,NA,NA,NA,NA,NA
Luke McNitt,RB,MIN,NA,11192684,NA,NA,NA,NA,NA,NA
Mack Brown,RB,MIN,NA,11191809,NA,NA,NA,NA,NA,NA
Mack Hollins,WR,PHI,hollim1,11193145,NA,11283278,11349419,11457314,NA,NA
Malachi Dupre,WR,BUF,NA,11192720,NA,NA,NA,NA,NA,NA
Malachi Jones,WR,CHI,NA,11192264,NA,NA,NA,NA,NA,NA
Malcolm Johnson,RB,SF,NA,11191783,NA,NA,NA,NA,NA,NA
Malcolm Lewis,WR,MIA,NA,11192193,NA,NA,NA,NA,NA,NA
Malcolm Mitchell,WR,NE,NA,11192017,NA,NA,NA,NA,NA,NA
Malik Williams,RB,ATL,NA,11193123,NA,NA,NA,NA,NA,NA
Manasseh Garner,TE,WAS,NA,11191793,NA,NA,NA,NA,NA,NA
Marchie Murdock,WR,DAL,NA,11192419,NA,NA,NA,NA,NA,NA
Marcus Baugh,TE,OAK,NA,11192361,NA,NA,NA,NA,NA,NA
Marcus Johnson,WR,IND,johnsm3,11192180,11250441,11283222,11349371,11457346,NA,NA
Marcus Lucas,TE,DET,NA,11191762,NA,NA,NA,NA,NA,NA
Marcus Tucker,WR,PIT,NA,11193038,NA,NA,NA,NA,NA,NA
Mark Andrews,TE,BAL,andrem1,11192696,NA,11283418,11349570,11457436,11503455,11534633
Mark Chapman,WR,DEN,NA,11192371,NA,NA,NA,NA,NA,NA
Mark Thompson,RB,BAL,NA,11193022,NA,NA,NA,NA,NA,NA
Markus Wheaton,WR,PHI,NA,11193149,11250114,NA,NA,NA,NA,NA
Marlon Brown,WR,CHI,brownm2,11191697,NA,NA,NA,NA,NA,NA
Marqise Lee,WR,JAX,NA,11191915,NA,NA,NA,NA,NA,NA
MarQueis Gray,TE,MIA,NA,11191586,NA,NA,NA,NA,NA,NA
Marquez Williams,RB,CLE,NA,11192680,NA,NA,NA,NA,NA,NA
Marquis Bundy,WR,NYG,NA,11192217,NA,NA,NA,NA,NA,NA
Marquise Goodwin,WR,SF,goodwm1,11191659,11250137,11282953,11349072,11457196,11503060,NA
Martez Carter,RB,WAS,NA,11192936,NA,NA,NA,NA,NA,NA
Marvin Bracy,WR,SEA,NA,11192186,NA,NA,NA,NA,NA,NA
Mason Rudolph,QB,PIT,NA,11192751,11250686,11283637,11349594,NA,11503483,11534137
Mason Schreck,TE,CIN,schrem1,11192245,NA,11283242,11349387,NA,11503308,NA
Matt Barkley,QB,CIN,NA,11191623,NA,11282929,11349040,NA,11503037,NA
Matt Breida,RB,SF,breidm1,11192621,11250619,11283387,11349537,11456980,11503426,NA
Matt Flanagan,TE,WAS,NA,11192521,NA,NA,NA,NA,NA,NA
Matt Jones,RB,PHI,NA,11193131,NA,NA,NA,NA,NA,NA
Matt LaCosse,TE,DEN,lacosm1,11191991,11250343,11283132,11349279,NA,11503215,11534721
Matt Lengel,TE,HOU,NA,11191652,NA,NA,NA,NA,NA,NA
Matt McGloin,QB,KC,NA,11191614,NA,NA,NA,NA,NA,NA
Matt Weiser,TE,TB,NA,11192023,NA,NA,NA,NA,NA,NA
Matthew Dayes,RB,CLE,NA,11192457,NA,NA,NA,NA,NA,NA
Max McCaffrey,WR,SF,NA,11192184,NA,NA,NA,NA,NA,NA
Maxx Williams,TE,BAL,willim6,11192120,NA,11283193,11349338,11457512,11503258,11534693
Mekale McKay,WR,DAL,NA,11192231,NA,NA,NA,NA,NA,NA
Melvin Gordon,RB,LAC,gordom1,11192002,NA,NA,NA,NA,NA,NA
Michael Crabtree,WR,BAL,crabtm1,11191442,NA,11282811,11348900,11457180,11502909,11534409
Michael Floyd,WR,NO,NA,11191549,NA,NA,NA,NA,NA,NA
Michael Gallup,WR,DAL,gallum1,11193030,11250799,11283542,11349702,11457258,NA,NA
Michael Hoomanawanui,TE,NO,hoomam1,11191453,NA,NA,NA,NA,NA,NA
Michael Thomas,WR,LAR,thomam3,11192832,11250716,11283463,NA,NA,NA,NA
Mike Boone,RB,MIN,boonem1,11192932,11250758,11283501,NA,11457086,11503534,11534309
Mike Gillislee,RB,NE,gillim1,11191670,NA,NA,NA,NA,NA,NA
Mike Gillislee,RB,NO,gillim1,NA,11250144,11282958,11349077,NA,NA,NA
Mike Wallace,WR,PHI,wallam1,11193139,11249981,11282829,11348922,11457306,NA,NA
Mike White,QB,DAL,NA,11192450,11250570,11283337,11349482,11456952,NA,NA
Montay Crockett,WR,JAX,NA,11192288,NA,NA,NA,NA,NA,NA
Moritz Boehringer,TE,CIN,NA,11193036,NA,NA,NA,NA,NA,NA
Mose Frazier,WR,CAR,NA,11192090,NA,NA,NA,NA,NA,NA
MyCole Pruitt,TE,HOU,NA,11191756,NA,NA,NA,NA,NA,NA
Nate Sudfeld,QB,PHI,NA,11193098,11250481,11283265,11349408,11456946,NA,NA
Nelson Agholor,WR,PHI,agholn1,11193137,11250435,11283216,11349365,11457182,NA,NA
Nelson Spruce,WR,LAC,NA,11192031,NA,NA,NA,NA,NA,NA
Nic Shimonek,QB,LAC,NA,11192427,NA,NA,NA,NA,NA,NA
Nick Boyle,TE,BAL,boylen1,11192056,NA,11283170,11349315,11457516,11503240,11534691
Nick Foles,QB,PHI,folesn1,11193096,11250032,11282869,11348970,11456927,NA,NA
Nick Holley,RB,LAR,NA,11192613,NA,NA,NA,NA,NA,NA
Nick Keizer,TE,BAL,NA,11193080,NA,NA,NA,NA,NA,NA
Nick Mullens,QB,SF,mullen1,11192574,NA,NA,NA,11456934,11503409,NA
Nick O'Leary,TE,BUF,NA,11191981,NA,NA,NA,NA,NA,NA
Nick Williams,WR,TEN,NA,11191690,NA,NA,11349089,NA,NA,NA
Noah Brown,WR,DAL,brownn1,11192861,11250732,11283473,11349632,11457368,NA,NA
Odell Beckham Jr.,WR,NYG,beckho1,11191859,11250266,11283056,11349201,NA,11503150,NA
Panthers ,DST,CAR,NA,11191360,11249882,11282745,NA,11457557,11502847,11534742
Patrick Mahomes II,QB,KC,mahomp1,11192914,NA,NA,NA,NA,NA,NA
Patrick Ricard,RB,BAL,NA,11192144,NA,11283202,11349349,11457116,11503271,11534303
Paul Butler,TE,OAK,NA,11193082,NA,NA,NA,NA,NA,NA
Paul Turner,WR,NE,turnep2,11191863,NA,NA,NA,NA,NA,NA
Paxton Lynch,QB,DEN,NA,11192225,NA,NA,NA,NA,NA,NA
Peter Pujals,QB,MIN,NA,11192623,NA,NA,NA,NA,NA,NA
Pharaoh Brown,TE,OAK,NA,11192160,NA,NA,NA,NA,NA,NA
Pharoah McKever,TE,PIT,NA,11192459,NA,NA,NA,NA,NA,NA
Pharoh Cooper,WR,LAR,coopep1,11192505,11250587,NA,NA,NA,NA,NA
Phillip Lindsay,RB,DEN,lindsp1,11192551,11250595,11283362,11349509,NA,11503402,11534181
Phillip Supernaw,TE,TEN,NA,11192095,NA,NA,NA,NA,NA,NA
Phillip Walker,QB,IND,NA,11192593,NA,NA,NA,NA,NA,NA
Pierre Garcon,WR,SF,garcop1,11191502,11250011,11282852,11348949,11457202,11502957,NA
Quadree Henderson,WR,NYG,NA,NA,NA,NA,NA,NA,11503553,NA
Quadree Henderson,WR,PIT,NA,11192980,NA,NA,NA,NA,NA,NA
Quan Bray,WR,HOU,NA,11191884,NA,NA,NA,NA,NA,NA
Quincy Adeboyejo,WR,BAL,adeboq1,11192594,NA,11283374,11349522,11457364,11503416,11534541
Quinton Flowers,RB,CIN,NA,11192924,NA,NA,NA,NA,NA,NA
Raheem Mostert,RB,SF,moster1,11192000,11250347,11283136,11349283,11457054,11503219,NA
Ralph Webb,RB,NE,NA,11192511,NA,NA,NA,NA,NA,NA
Rashad Ross,WR,ARI,NA,11191906,NA,NA,NA,NA,NA,NA
Rashard Davis,WR,PHI,NA,11193177,NA,NA,NA,NA,NA,NA
Rashawn Scott,WR,MIA,NA,11191904,NA,NA,NA,NA,NA,NA
Rasheed Bailey,WR,CAR,NA,11192969,NA,NA,NA,NA,NA,NA
Ravens ,DST,BAL,NA,11191362,NA,11282747,11348828,11457553,11502848,11534747
Ray-Ray McCloud,WR,BUF,mclour1,NA,NA,NA,NA,NA,NA,NA
Ray Lawry,RB,KC,NA,11192828,NA,NA,NA,NA,NA,NA
Reece Fountain,WR,IND,fountd1,11192782,NA,NA,NA,NA,NA,NA
Reggie Bonnafon,RB,CAR,NA,11192790,NA,NA,NA,NA,NA,NA
Reggie Davis,WR,ATL,NA,11193165,NA,NA,NA,NA,NA,NA
Rhett Ellison,TE,NYG,ellisr1,11191495,11250004,11282846,11348944,NA,11502948,NA
Ricardo Louis,WR,CLE,NA,11192237,NA,NA,NA,NA,NA,NA
Richard Rodgers,TE,PHI,rodger1,11193201,11250368,11283155,11349304,11457458,NA,NA
Richie James Jr.,WR,SF,NA,11192733,11250674,11283438,11349586,11457382,11503473,NA
Rico Gathers,TE,DAL,gather1,11192286,11250486,11283272,11349409,11457518,NA,NA
Riley McCarron,WR,NE,NA,11192308,11250498,NA,NA,NA,NA,NA
Rishard Matthews,WR,TEN,matthr1,11191817,11250232,11283024,11349170,NA,NA,NA
River Cracraft,WR,DEN,NA,11192611,NA,NA,NA,NA,NA,NA
Robert Davis,WR,WAS,NA,11192486,NA,NA,NA,NA,NA,NA
Robert Foster,WR,BUF,foster1,11192630,11250625,11283393,11349543,11457342,NA,NA
Robert Griffin III,QB,BAL,NA,11191546,NA,11282877,11348981,11456932,11502987,11534139
Robert Martin,RB,NYG,NA,11192896,NA,NA,NA,NA,NA,NA
Roc Thomas,RB,MIN,thomar1,11192836,11250720,11283465,NA,11457062,11503502,11534313
Rod Smith,RB,DAL,smithr4,11191770,11250203,11283003,11349141,11457018,NA,NA
Rod Streater,WR,BUF,NA,11191746,NA,NA,NA,NA,NA,NA
Rod Streater,WR,CLE,strear1,NA,NA,NA,11349123,11457298,NA,NA
Roger Lewis,WR,NYG,NA,11192735,NA,NA,NA,NA,NA,NA
Roosevelt Nix,RB,PIT,NA,11191744,11250187,11283673,11349121,NA,11503096,11534297
Ross Dwelley,TE,SF,NA,11192647,NA,NA,NA,NA,11503439,NA
Ross Travis,TE,IND,NA,11191926,NA,NA,NA,NA,NA,NA
Royce Freeman,RB,DEN,freemr1,11192849,11250726,11283469,11349626,NA,11503506,11534227
Russell Hansbrough,RB,LAC,NA,11192166,NA,NA,NA,NA,NA,NA
Russell Shepard,WR,NYG,shepar1,11191621,11250100,11282925,11349036,NA,11503035,NA
Ryan Griffin,TE,HOU,griffr2,11191595,11250077,11282903,11349017,11457504,NA,11534717
Ryan Hewitt,RB,IND,hewitr1,NA,NA,NA,NA,NA,NA,NA
Ryan Hewitt,TE,CIN,hewitr1,11191644,NA,NA,NA,NA,NA,NA
Ryan Izzo,TE,NE,NA,11192824,NA,NA,NA,NA,NA,NA
Ryan Malleck,TE,PIT,NA,11191924,NA,NA,NA,NA,NA,NA
Ryan Nall,RB,CHI,NA,11192888,NA,NA,NA,NA,NA,NA
Ryan O'Malley,TE,NYG,NA,11192154,NA,NA,NA,NA,NA,NA
Ryan Smith,TE,GB,NA,11192797,NA,NA,NA,NA,NA,NA
Ryan Switzer,WR,PIT,switzr1,11192351,11250525,11283723,11349441,NA,11503353,11534499
Ryan Yurachek,RB,OAK,NA,11192934,NA,NA,NA,NA,NA,NA
Saeed Blacknall,WR,OAK,NA,11192851,NA,NA,NA,NA,NA,NA
Sam Bradford,QB,ARI,bradfs1,11191450,11249967,11282817,11348908,NA,11502917,NA
Sam Rogers,RB,BUF,NA,11192471,NA,NA,NA,NA,NA,NA
Sammie Coates,WR,HOU,coates1,11191886,NA,NA,NA,NA,NA,NA
Sammie Coates Jr.,WR,HOU,NA,NA,NA,11283075,11349222,11457350,NA,11534563
Sammie Coates Jr.,WR,HOU,NA,NA,11250284,NA,11349222,11457350,NA,11534563
Saquon Barkley,RB,NYG,barkls1,11193001,11250793,11283532,11349690,NA,11503568,NA
Scott Orndoff,TE,JAX,NA,11192391,NA,NA,NA,NA,NA,NA
Scott Simonson,TE,NYG,simons1,11191853,11250262,11283054,11349197,NA,11503146,NA
Sean McGrath,TE,DET,NA,11191470,NA,NA,NA,NA,NA,NA
Seantavius Jones,WR,IND,NA,11192765,NA,NA,NA,NA,NA,NA
Sergio Bailey II,WR,TB,NA,11193050,NA,NA,NA,NA,NA,NA
Shane Smith,TE,NYG,NA,11192221,11250449,11283227,NA,NA,NA,NA
Shane Wimann,TE,NE,NA,11192541,NA,NA,NA,NA,NA,NA
Shane Wynn,WR,JAX,NA,11192060,NA,NA,NA,NA,NA,NA
Shay Fields,WR,WAS,NA,11192847,NA,NA,NA,NA,NA,NA
Shelton Gibson,WR,PHI,NA,11193171,11250556,11283328,11349470,11457308,NA,NA
Sherman Badie,RB,ARI,NA,11192368,NA,NA,NA,NA,NA,NA
Simmie Cobbs Jr.,WR,WAS,NA,11192892,NA,NA,NA,NA,NA,NA
Stacy Coley,WR,MIN,coleys1,11192413,11250558,11283330,NA,NA,NA,NA
Stacy Coley,WR,NYG,NA,NA,NA,NA,11349472,NA,NA,NA
Steelers ,DST,PIT,NA,11191354,11249876,11283758,11348822,NA,11502842,11534753
Stefon Diggs,WR,MIN,diggss1,11192243,11250462,11283240,NA,11457148,11503306,11534371
Stephen Anderson,TE,HOU,NA,11192027,NA,NA,NA,NA,NA,NA
Stephen Baggett,TE,CLE,NA,11192793,NA,NA,NA,NA,NA,NA
Stephen Morris,QB,HOU,NA,11191717,NA,NA,NA,NA,NA,NA
Sterling Shepard,WR,NYG,shepas1,11192176,11250437,11283218,11349367,NA,11503285,NA
Stevan Ridley,RB,PIT,ridles1,11191476,11249989,11283653,11348929,NA,11502934,11534221
Steven Dunbar,WR,SF,NA,11192795,NA,NA,NA,NA,NA,NA
Steven Mitchell Jr.,WR,LAR,NA,11192407,NA,NA,NA,NA,NA,NA
Taiwan Jones,RB,BUF,jonest2,11191484,11249997,11282837,11348937,11457102,11502942,11534263
Tanner Gentry,WR,CHI,NA,11192366,NA,NA,NA,NA,NA,NA
Tanner Hudson,TE,TB,NA,11193070,NA,NA,NA,NA,NA,NA
Tanner Lee,QB,JAX,NA,11192370,NA,NA,NA,NA,NA,NA
Tanner McEvoy,WR,MIA,NA,NA,11250325,11283116,11349259,NA,NA,NA
Tanner McEvoy,WR,NO,NA,11191959,NA,NA,NA,NA,NA,NA
Tavarres King,WR,MIN,kingt1,11191540,NA,NA,NA,NA,NA,NA
Tavon Austin,WR,DAL,austit2,11191702,11250161,11282973,11349094,11457366,NA,NA
Taylor Heinicke,QB,CAR,NA,11191919,11250299,11283090,NA,11456947,11503184,11534154
Temarrick Hemingway,TE,LAR,NA,11192052,NA,NA,NA,NA,NA,NA
Teo Redding,WR,DET,NA,11192481,NA,NA,NA,NA,NA,NA
Terrance West,RB,NO,NA,11191900,NA,NA,NA,NA,NA,NA
Terrance Williams,WR,DAL,willit3,11191565,11250054,11282884,11348996,11457372,NA,NA
Terrell Watson,RB,LAC,NA,11192084,NA,NA,NA,NA,NA,NA
Terrelle Pryor,WR,NYJ,pryort1,NA,11250048,11283612,11348986,11457236,NA,NA
Terrelle Pryor Sr.,WR,NYJ,pryort1,11191551,NA,NA,NA,NA,NA,NA
Terrence Magee,RB,ATL,NA,11193127,NA,NA,NA,NA,NA,NA
Terry Swanson,RB,HOU,NA,11192814,NA,NA,NA,NA,NA,NA
Tevin Jones,WR,PIT,NA,11192088,NA,NA,NA,NA,NA,NA
Texans ,DST,HOU,NA,11191334,11249856,11282724,11348803,11457545,NA,11534743
Thomas Duarte,TE,MIA,NA,11192513,NA,NA,NA,NA,NA,NA
Thomas Rawls,RB,CIN,rawlst1,NA,NA,NA,11349273,NA,NA,NA
Thomas Rawls,RB,NYJ,NA,11191983,NA,NA,NA,NA,NA,NA
Tim Cook,RB,JAX,NA,11193009,NA,NA,NA,NA,NA,NA
Tim Patrick,WR,DEN,patrit1,11192890,11250740,11283481,11349640,NA,11503518,11534569
Tim Semisch,TE,TEN,NA,11192046,NA,NA,NA,NA,NA,NA
Tim White,WR,BAL,NA,11192995,NA,NA,11349684,NA,NA,NA
Tim Wilson,WR,PHI,NA,11193175,NA,NA,NA,NA,NA,NA
Tim Wright,TE,KC,NA,11191593,NA,NA,NA,NA,NA,NA
Tom Savage,QB,NO,NA,11191692,NA,NA,NA,NA,NA,NA
Tom Savage,QB,SF,NA,NA,NA,NA,NA,NA,11503596,NA
Tommylee Lewis,WR,NO,lewist2,11192044,11250377,11283166,NA,NA,NA,NA
Torrey Smith,WR,CAR,smitht7,11191497,11250006,11282848,NA,11457250,11502952,11534465
Tra Carson,RB,CIN,carsot1,11192033,NA,11283157,NA,NA,NA,NA
Travaris Cadet,RB,BUF,NA,11191512,NA,NA,NA,NA,NA,NA
Travin Dural,WR,NO,NA,11192112,NA,NA,NA,NA,NA,NA
Travis Rudolph,WR,NYG,NA,11192826,NA,NA,NA,NA,NA,NA
Tre McBride,WR,NYJ,NA,11191898,NA,NA,NA,NA,NA,NA
Trent Taylor,WR,SF,taylot4,11192401,11250550,11283324,11349464,11457222,11503368,NA
Trevor Davis,WR,GB,davist3,11192092,11250396,NA,NA,NA,NA,NA
Trevor Siemian,QB,MIN,NA,11191743,11250186,11282990,NA,11456936,11503095,11534141
Trey Edmunds,RB,NO,edmunt1,11192197,NA,NA,NA,NA,NA,NA
Trey Griffey,WR,PIT,NA,11192110,NA,NA,NA,NA,NA,NA
Trey Quinn,WR,WAS,quinnt1,11192724,11250668,NA,NA,NA,NA,NA
Trey Williams,RB,DAL,willit5,11192174,NA,NA,NA,NA,NA,NA
Troy Fumagalli,TE,DEN,NA,11192473,NA,NA,NA,NA,NA,NA
Troy Mangen,TE,ATL,NA,11193189,NA,NA,NA,NA,NA,NA
Troy Niklas,TE,NE,NA,11192074,NA,NA,NA,NA,NA,NA
Troymaine Pope,RB,HOU,NA,11192306,NA,NA,NA,NA,NA,NA
Ty Montgomery,RB,GB,montgt1,11191911,11250295,11283084,11349235,NA,11503178,NA
Tyler Bray,QB,CHI,NA,11191720,NA,NA,NA,NA,NA,NA
Tyler Conklin,TE,MIN,conklt1,11192942,11250764,11283507,NA,11457466,11503536,11534703
Tyler Ervin,RB,HOU,ervint1,11191942,11250312,11283103,11349255,11457106,NA,11534261
Tyler Hoppes,TE,MIN,NA,11192870,NA,NA,NA,NA,NA,NA
Tyrone Swoopes,TE,SEA,NA,11192343,NA,NA,NA,NA,11503347,NA
Vance McDonald,TE,PIT,mcdonv1,11191626,11250106,11283735,11349043,NA,11503038,11534603
Victor Bolden,WR,SF,boldev1,NA,NA,NA,NA,NA,NA,NA
Victor Bolden Jr.,WR,SF,NA,11192605,11250611,11283381,11349529,11457384,11503422,NA
Vikings ,DST,MIN,NA,11191348,11249869,11282736,NA,11457542,11502836,11534744
Vince Mayle,TE,BAL,NA,11192602,NA,NA,NA,NA,NA,NA
Vyncint Smith,WR,HOU,smithv1,11192940,11250762,11283505,11349658,11457348,NA,11534459
Wayne Gallman,RB,NYG,gallmw1,11192395,NA,NA,NA,NA,NA,NA
Wayne Gallman Jr.,RB,NYG,NA,NA,NA,11283320,11349460,NA,11503366,NA
Wayne Gallman Jr.,RB,NYG,NA,NA,11250546,NA,11349460,NA,11503366,NA
Wendell Smallwood,RB,PHI,smallw1,11193117,11250519,11283299,11349435,11457014,NA,NA
Wes Saxton,TE,SF,NA,11192128,NA,NA,NA,NA,NA,NA
Will Fuller V,WR,HOU,fullew1,11192617,11250615,11283383,11349533,11457176,NA,11534561
Will Tye,TE,NE,NA,11191766,NA,NA,NA,NA,NA,NA
Willie Snead IV,WR,BAL,sneadw1,11191870,NA,11283061,11349210,11457226,11503159,11534431
Xavier Grimble,TE,PIT,grimbx1,11191789,11250214,11283751,11349154,NA,11503117,11534689
Zach Ertz,TE,PHI,ertzz1,11193183,11250124,11282944,11349059,11457386,NA,NA
Zach Olstad,RB,BUF,NA,11193086,NA,NA,NA,NA,NA,NA
Zach Zenner,RB,DET,NA,11191857,NA,NA,NA,NA,NA,NA
